customer_key,fullname,age,age_groups,customer_seg,last_order,last_order_date,no_order,total_sales,total_qauntity,no_products,lifespan,avg_order_value,average_total_spend
5630,"Rosa Zheng",48,40-49,VIP,2013-12-10,147,2,5933,3,3,35,2966.50,169.5143
5349,"Roy Raman",66,"OVER 59",VIP,2013-12-23,146,2,5918,4,4,35,2959.00,169.0857
5632,"Haley Ward",49,40-49,VIP,2013-12-22,146,2,5900,3,3,35,2950.00,168.5714
2514,"Abigail Henderson",79,"OVER 59",VIP,2013-12-04,147,2,5918,4,4,35,2959.00,169.0857
5625,"Albert Alvarez",42,40-49,VIP,2013-12-23,146,2,5938,4,4,35,2969.00,169.6571
2259,"Anne Dominguez",63,"OVER 59",VIP,2013-12-14,147,4,8886,10,10,35,2221.50,253.8857
5494,"Brenda Fernandez",66,"OVER 59",Regular,2013-12-20,147,2,4197,3,3,35,2098.50,119.9143
5613,"Ebony Ashe",45,40-49,VIP,2013-12-27,146,2,5898,2,2,35,2949.00,168.5143
5351,"Fernando Thompson",61,"OVER 59",VIP,2013-12-23,146,2,5903,4,4,35,2951.50,168.6571
5352,"Martha Xu",66,"OVER 59",VIP,2013-12-03,147,2,5873,2,2,35,2936.50,167.8000
5497,"Dawn Tang",60,"OVER 59",VIP,2013-12-25,146,2,5960,5,5,35,2980.00,170.2857
5608,"Logan Gonzales",45,40-49,VIP,2013-12-07,147,2,5897,4,4,35,2948.50,168.4857
5495,"Jordyn Simmons",60,"OVER 59",VIP,2013-12-16,147,2,5961,4,4,34,2980.50,175.3235
17084,"Kaitlyn Foster",52,50-59,VIP,2013-12-25,146,2,5962,2,2,34,2981.00,175.3529
5617,"Kelvin Liang",40,40-49,VIP,2013-12-05,147,2,5915,5,5,34,2957.50,173.9706
16669,"Kevin Gonzalez",66,"OVER 59",VIP,2013-11-11,148,2,6006,6,6,34,3003.00,176.6471
5687,"Kristine Alonso",58,50-59,Regular,2013-12-24,146,2,4157,5,5,34,2078.50,122.2647
5661,"Lee Blanco",64,"OVER 59",VIP,2013-12-12,147,2,5898,2,2,34,2949.00,173.4706
5350,"Levi Sai",66,"OVER 59",VIP,2013-12-18,147,2,5898,2,2,34,2949.00,173.4706
17077,"Logan Williams",52,50-59,VIP,2013-12-24,146,2,5997,3,3,34,2998.50,176.3824
5624,"Andres Lal",47,40-49,VIP,2013-12-08,147,2,5973,5,5,34,2986.50,175.6765
8943,"Armando Navarro",65,"OVER 59",Regular,2013-12-19,147,2,3034,4,4,34,1517.00,89.2353
5659,"Ashlee Raje",65,"OVER 59",VIP,2013-12-14,147,2,5873,2,2,34,2936.50,172.7353
2546,"Brad Sharma",50,50-59,VIP,2013-12-12,147,2,5908,3,3,34,2954.00,173.7647
11042,"Paige Morris",47,40-49,Regular,2013-12-22,146,2,4167,5,5,34,2083.50,122.5588
16637,"Paige Murphy",57,50-59,VIP,2013-11-26,147,2,6011,5,5,34,3005.50,176.7941
5348,"Raul Sharma",67,"OVER 59",VIP,2013-12-22,146,2,5918,5,5,34,2959.00,174.0588
5640,"Renee Romero",49,40-49,VIP,2013-12-19,147,2,5908,3,3,34,2954.00,173.7647
5686,"Robin Dominguez",58,50-59,Regular,2013-12-10,147,2,4183,5,5,34,2091.50,123.0294
5662,"Shane Raman",64,"OVER 59",VIP,2013-12-09,147,2,5908,3,3,34,2954.00,173.7647
5353,"Tiffany Gao",60,"OVER 59",VIP,2013-12-01,147,2,5948,6,6,34,2974.00,174.9412
17072,"Trevor Ross",41,40-49,VIP,2013-12-10,147,2,5971,3,3,34,2985.50,175.6176
5484,"Warren Jai",64,"OVER 59",Regular,2013-11-21,148,2,4118,2,2,34,2059.00,121.1176
16647,"Jackson Li",58,50-59,VIP,2013-11-20,148,2,5997,3,3,34,2998.50,176.3824
5631,"Jaime Sutton",48,40-49,VIP,2013-12-05,147,2,5973,5,5,34,2986.50,175.6765
16672,"Jeremiah Martinez",67,"OVER 59",VIP,2013-11-13,148,2,5997,3,3,34,2998.50,176.3824
49,"Jeremy Powell",69,"OVER 59",VIP,2013-12-25,146,3,6498,8,8,34,2166.00,191.1176
16668,"Jessica Sanchez",65,"OVER 59",VIP,2013-11-28,147,2,5997,3,3,34,2998.50,176.3824
2258,"Jon Chander",63,"OVER 59",VIP,2013-12-06,147,4,8941,9,9,34,2235.25,262.9706
2549,"Bridget Jai",49,40-49,VIP,2013-12-27,146,2,5908,3,3,34,2954.00,173.7647
5621,"Cameron Thompson",41,40-49,VIP,2013-12-03,147,2,5895,3,3,34,2947.50,173.3824
2516,"Cara Liang",78,"OVER 59",VIP,2013-12-27,146,2,5948,5,5,34,2974.00,174.9412
8942,"Cedric Liang",71,"OVER 59",Regular,2013-12-06,147,2,3078,6,6,34,1539.00,90.5294
16646,"Colin Anand",53,50-59,VIP,2013-11-19,148,2,6051,5,5,34,3025.50,177.9706
16607,"Courtney Edwards",63,"OVER 59",VIP,2013-11-19,148,2,5997,3,3,34,2998.50,176.3824
10814,"Dalton Brown",62,"OVER 59",Regular,2013-12-24,146,2,4118,2,2,34,2059.00,121.1176
5637,"Danny Gomez",50,50-59,VIP,2013-12-10,147,2,5932,4,4,34,2966.00,174.4706
5639,"Dennis Ye",49,40-49,VIP,2013-12-14,147,2,5974,4,4,34,2987.00,175.7059
16622,"Edward Brown",51,50-59,VIP,2013-11-20,148,2,5971,3,3,34,2985.50,175.6176
5660,"Emily Jones",64,"OVER 59",VIP,2013-12-09,147,2,5873,2,2,34,2936.50,172.7353
16617,"Emma Brown",54,50-59,VIP,2013-11-09,148,2,5998,5,5,34,2999.00,176.4118
2,"Eugene Huang",49,40-49,VIP,2013-12-10,147,3,6384,11,10,34,2128.00,187.7647
2547,"Mitchell Jai",50,50-59,VIP,2013-12-12,147,2,5918,4,4,34,2959.00,174.0588
5496,"Monique Ramos",66,"OVER 59",VIP,2013-12-05,147,2,6002,6,6,34,3001.00,176.5294
16618,"Morgan Phillips",45,40-49,VIP,2013-11-27,147,2,5976,4,4,34,2988.00,175.7647
2266,"Luke Adams",64,"OVER 59",VIP,2013-11-05,148,4,7259,8,8,33,1814.75,219.9697
2778,"Manuel Perez",52,50-59,VIP,2013-12-27,146,3,7147,7,7,33,2382.33,216.5758
40,"Marc Martin",71,"OVER 59",VIP,2013-11-11,148,3,6636,9,8,33,2212.00,201.0909
16616,"Maria Henderson",55,50-59,VIP,2013-11-08,148,2,5998,5,5,33,2999.00,181.7576
2265,"Melanie Sanchez",64,"OVER 59",VIP,2013-10-07,149,4,7265,8,8,33,1816.25,220.1515
6329,"Michelle Cox",57,50-59,Regular,2013-12-06,147,2,4387,4,4,33,2193.50,132.9394
16642,"Miranda Alexander",58,50-59,VIP,2013-10-29,148,2,5962,2,2,33,2981.00,180.6667
8330,"Nancy Srini",54,50-59,Regular,2013-11-29,147,2,2459,4,4,33,1229.50,74.5152
17068,"Olivia Bennett",45,40-49,VIP,2013-11-18,148,2,5997,3,3,33,2998.50,181.7273
17160,"Tamara Yang",58,50-59,VIP,2013-12-24,146,2,5978,5,5,33,2989.00,181.1515
17194,"Taylor Davis",61,"OVER 59",VIP,2013-12-21,147,2,6016,3,3,33,3008.00,182.3030
32,"Theresa Ramos",73,"OVER 59",VIP,2013-11-13,148,3,6478,6,6,33,2159.33,196.3030
17132,"Todd Zhu",47,40-49,VIP,2013-12-09,147,2,6011,5,5,33,3005.50,182.1515
2539,"Vanessa Henderson",50,50-59,VIP,2013-12-04,147,2,5908,3,3,33,2954.00,179.0303
36,"Wendy Dominguez",72,"OVER 59",VIP,2013-11-15,148,3,6451,5,5,33,2150.33,195.4848
17063,"Xavier Roberts",54,50-59,VIP,2013-11-27,147,2,5962,2,2,33,2981.00,180.6667
16664,"Aaron Collins",54,50-59,VIP,2013-11-16,148,2,6047,4,4,33,3023.50,183.2424
26,"Alejandro Beck",74,"OVER 59",VIP,2013-10-25,148,3,6577,6,6,33,2192.33,199.3030
16626,"Alexandria Hughes",64,"OVER 59",VIP,2013-11-09,148,2,5971,3,3,33,2985.50,180.9394
11009,"Alisha Ye",45,40-49,Regular,2013-12-09,147,2,4141,5,5,33,2070.50,125.4848
2260,"Allen Garcia",62,"OVER 59",VIP,2013-11-18,148,4,7853,14,13,33,1963.25,237.9697
5658,"Alvin She",65,"OVER 59",VIP,2013-12-06,147,2,5900,3,3,33,2950.00,178.7879
17069,"Amanda Wood",50,50-59,VIP,2013-11-26,147,2,6021,4,4,33,3010.50,182.4545
2568,"Anne Rubio",68,"OVER 59",VIP,2013-12-22,146,2,5935,4,4,33,2967.50,179.8485
10728,"Arianna Flores",47,40-49,Regular,2013-11-26,147,2,4132,4,4,33,2066.00,125.2121
2571,"Benjamin Jackson",52,50-59,VIP,2013-12-28,146,2,5948,5,5,33,2974.00,180.2424
31,"Bethany Yuan",68,"OVER 59",VIP,2013-11-09,148,3,6471,4,4,33,2157.00,196.0909
16663,"Bianca Zheng",60,"OVER 59",VIP,2013-11-02,148,2,5997,3,3,33,2998.50,181.7273
17067,"Justin Taylor",45,40-49,VIP,2013-11-24,147,2,5997,3,3,33,2998.50,181.7273
17032,"Kari Navarro",73,"OVER 59",VIP,2013-11-19,148,2,6047,4,4,33,3023.50,183.2424
16670,"Katelyn Allen",55,50-59,VIP,2013-11-06,148,2,5997,3,3,33,2998.50,181.7273
16671,"Kayla Long",56,50-59,VIP,2013-11-03,148,2,5976,4,4,33,2988.00,181.0909
2515,"Lindsay Luo",78,"OVER 59",VIP,2013-12-03,147,2,5973,5,5,33,2986.50,181.0000
10922,"Lucas Collins",59,50-59,Regular,2013-12-14,147,2,4142,3,3,33,2071.00,125.5152
17039,"Philip Gomez",72,"OVER 59",VIP,2013-11-21,148,2,5985,5,5,33,2992.50,181.3636
2544,"Phillip Rana",62,"OVER 59",VIP,2013-12-24,146,2,5923,5,5,33,2961.50,179.4848
5657,"Ronnie Zhang",65,"OVER 59",VIP,2013-12-18,147,2,5930,4,4,33,2965.00,179.6970
16919,"Samantha Ross",42,40-49,VIP,2013-11-26,147,2,5998,5,5,33,2999.00,181.7576
18,"Shannon Wang",76,"OVER 59",VIP,2013-10-14,149,3,6434,4,4,33,2144.67,194.9697
2543,"Sharon Kumar",56,50-59,VIP,2013-12-03,147,2,5943,4,4,33,2971.50,180.0909
2573,"Shaun Deng",52,50-59,VIP,2013-12-09,147,2,5945,4,4,33,2972.50,180.1515
2785,"Spencer Griffin",54,50-59,VIP,2013-12-23,146,3,7138,4,4,33,2379.33,216.3030
39,"Diana Hernandez",72,"OVER 59",VIP,2013-11-12,148,3,6437,3,3,33,2145.67,195.0606
2694,"Dominic Gonzalez",49,40-49,VIP,2013-12-05,147,3,7171,6,6,33,2390.33,217.3030
5485,"Dustin Lal",70,"OVER 59",Regular,2013-11-02,148,2,4175,5,5,33,2087.50,126.5152
35,"Ebony Gonzalez",73,"OVER 59",VIP,2013-11-10,148,3,6491,4,4,33,2163.67,196.6970
5638,"Evan King",49,40-49,VIP,2013-12-09,147,2,5900,3,3,33,2950.00,178.7879
17157,"Gabrielle Hall",52,50-59,VIP,2013-12-07,147,2,5997,3,3,33,2998.50,181.7273
10660,"Gabrielle Jenkins",57,50-59,Regular,2013-11-04,148,2,4143,4,4,33,2071.50,125.5455
17071,"Ian Morris",46,40-49,VIP,2013-12-09,147,2,5997,3,3,33,2998.50,181.7273
17079,"Jack Young",51,50-59,VIP,2013-12-16,147,2,6011,5,5,33,3005.50,182.1515
48,"Jaclyn Lu",70,"OVER 59",VIP,2013-11-19,148,3,6582,4,4,33,2194.00,199.4545
2766,"Jaime Shen",52,50-59,VIP,2013-12-28,146,3,7152,5,5,33,2384.00,216.7273
17031,"Jason Gonzalez",67,"OVER 59",VIP,2013-11-20,148,2,5971,3,3,33,2985.50,180.9394
16652,"Jeremy Murphy",64,"OVER 59",VIP,2013-11-19,148,2,6021,4,4,33,3010.50,182.4545
17100,"Jesse Turner",41,40-49,VIP,2013-12-26,146,2,6021,4,4,33,3010.50,182.4545
28,"Jessie Zhao",73,"OVER 59",VIP,2013-10-24,148,3,6591,9,9,33,2197.00,199.7273
30,"Jimmy Moreno",73,"OVER 59",VIP,2013-11-11,148,3,6565,7,7,33,2188.33,198.9394
5685,"Joel Perez",57,50-59,Regular,2013-12-01,147,2,4158,4,4,33,2079.00,126.0000
10711,"Brittany Gonzales",50,50-59,Regular,2013-11-09,148,2,4187,5,5,33,2093.50,126.8788
2581,"Carol Xu",74,"OVER 59",VIP,2013-12-27,146,4,7285,7,6,33,1821.25,220.7576
17066,"Carrie Gill",54,50-59,VIP,2013-11-15,148,2,5997,3,3,33,2998.50,181.7273
2793,"Charles Taylor",55,50-59,VIP,2013-12-22,146,3,7216,7,7,33,2405.33,218.6667
16624,"Christian Jackson",63,"OVER 59",VIP,2013-11-06,148,2,5984,5,5,33,2992.00,181.3333
47,"Christine Yuan",70,"OVER 59",VIP,2013-11-12,148,3,6616,6,6,33,2205.33,200.4848
17159,"Clarence Luo",58,50-59,VIP,2013-12-24,146,2,5997,3,3,33,2998.50,181.7273
19,"Clarence Rai",70,"OVER 59",VIP,2013-10-24,148,3,6533,7,7,33,2177.67,197.9697
2407,"Craig Jim├®nez",63,"OVER 59",VIP,2013-11-17,148,4,7300,9,8,33,1825.00,221.2121
2691,"Claudia Gao",48,40-49,VIP,2013-11-06,148,3,7162,6,6,32,2387.33,223.8125
1133,"Kaitlyn Henderson",64,"OVER 59",VIP,2013-10-17,149,5,13294,14,13,32,2658.80,415.4375
17155,"Katherine Patterson",52,50-59,VIP,2013-12-07,147,2,5971,3,3,32,2985.50,186.5938
8326,"Kelli Chen",53,50-59,Regular,2013-11-14,148,3,4245,5,5,32,1415.00,132.6563
17191,"Kimberly Cook",55,50-59,VIP,2013-12-04,147,2,5997,3,3,32,2998.50,187.4063
17062,"Kyle Lopez",49,40-49,VIP,2013-11-01,148,2,6006,4,4,32,3003.00,187.6875
2768,"Linda Jimenez",51,50-59,VIP,2013-12-13,147,2,5910,5,5,32,2955.00,184.6875
2262,"Lindsey Andersen",63,"OVER 59",VIP,2013-09-30,149,4,7200,6,6,32,1800.00,225.0000
17065,"Tamara Nath",48,40-49,VIP,2013-11-06,148,2,5962,2,2,32,2981.00,186.3125
17156,"Taylor Watson",52,50-59,VIP,2013-12-04,147,2,5962,2,2,32,2981.00,186.3125
17297,"Thomas Butler",61,"OVER 59",VIP,2013-12-12,147,2,5997,3,3,32,2998.50,187.4063
14556,"Trisha Lu",40,40-49,Regular,2013-10-23,148,2,1277,5,5,32,638.50,39.9063
17258,"Zachary Martin",52,50-59,VIP,2013-12-05,147,2,5976,4,4,32,2988.00,186.7500
6335,"Luis Lopez",63,"OVER 59",Regular,2013-12-07,147,2,4347,2,2,32,2173.50,135.8438
17195,"Lydia Garcia",61,"OVER 59",VIP,2013-12-20,147,2,6115,6,6,32,3057.50,191.0938
17274,"Madeline Mitchell",65,"OVER 59",VIP,2013-12-22,146,2,5962,2,2,32,2981.00,186.3125
2795,"Mallory Martin",56,50-59,VIP,2013-12-12,147,3,7212,9,8,32,2404.00,225.3750
17289,"Marco Srini",54,50-59,VIP,2013-12-27,146,2,6039,6,6,32,3019.50,188.7188
17244,"Marcus Cook",44,40-49,VIP,2013-12-22,146,2,6061,4,4,32,3030.50,189.4063
16921,"Mary Howard",47,40-49,VIP,2013-11-07,148,2,5997,3,3,32,2998.50,187.4063
17192,"Mya Long",61,"OVER 59",VIP,2013-12-02,147,2,5997,3,3,32,2998.50,187.4063
45,"Adam Flores",71,"OVER 59",VIP,2013-11-08,148,3,6515,7,7,32,2171.67,203.5938
51,"Alan Zheng",69,"OVER 59",VIP,2013-11-19,148,3,5007,6,6,32,1669.00,156.4688
6321,"Alan Zhu",50,50-59,Regular,2013-11-25,147,2,4391,4,4,32,2195.50,137.2188
17247,"Alexa Gray",58,50-59,VIP,2013-12-23,146,2,5976,4,4,32,2988.00,186.7500
1125,"Brandi Gill",63,"OVER 59",VIP,2013-10-07,149,5,13195,12,11,32,2639.00,412.3438
27,"Harold Sai",74,"OVER 59",VIP,2013-10-15,149,3,6575,7,7,32,2191.67,205.4688
17153,"Ian Rivera",52,50-59,VIP,2013-12-20,147,2,6025,4,4,32,3012.50,188.2813
17235,"Jack Nelson",55,50-59,VIP,2013-12-21,147,2,5976,4,4,32,2988.00,186.7500
6300,"Jaclyn Ferrier",55,50-59,Regular,2013-11-14,148,2,4382,3,3,32,2191.00,136.9375
34,"Jaime Nath",67,"OVER 59",VIP,2013-11-05,148,3,6495,7,7,32,2165.00,202.9688
11059,"Jake Zukowski",41,40-49,Regular,2013-12-01,147,2,4118,2,2,32,2059.00,128.6875
6511,"Jason Butler",59,50-59,Regular,2013-12-18,147,2,4369,3,3,32,2184.50,136.5313
29,"Jill Jimenez",74,"OVER 59",VIP,2013-10-07,149,3,6474,5,5,32,2158.00,202.3125
6333,"Jonathan Green",62,"OVER 59",Regular,2013-12-12,147,2,4480,5,5,32,2240.00,140.0000
17269,"Jordan Campbell",53,50-59,VIP,2013-12-14,147,2,5997,3,3,32,2998.50,187.4063
16920,"Ryan Lal",47,40-49,VIP,2013-10-31,148,2,6016,3,3,32,3008.00,188.0000
17245,"Samantha Davis",50,50-59,VIP,2013-12-13,147,2,6026,5,5,32,3013.00,188.3125
17260,"Samuel Mitchell",52,50-59,VIP,2013-12-22,146,2,6118,6,6,32,3059.00,191.1875
17286,"Savannah King",60,"OVER 59",VIP,2013-12-18,147,2,5997,3,3,32,2998.50,187.4063
33,"Denise Stone",73,"OVER 59",VIP,2013-11-08,148,3,6525,10,10,32,2175.00,203.9063
2607,"Drew Sharma",71,"OVER 59",VIP,2013-12-27,146,4,7195,6,6,32,1798.75,224.8438
17241,"Eduardo Clark",56,50-59,VIP,2013-12-22,146,2,5998,5,5,32,2999.00,187.4375
5346,"Francis Ramos",66,"OVER 59",Regular,2013-10-17,149,2,4173,4,4,32,2086.50,130.4063
8831,"Gabrielle Long",52,50-59,VIP,2013-11-01,148,2,5766,7,7,32,2883.00,180.1875
17064,"Gabrielle Turner",53,50-59,VIP,2013-11-01,148,2,6026,5,5,32,3013.00,188.3125
8354,"Desiree Gill",51,50-59,Regular,2013-12-14,147,2,2400,2,2,31,1200.00,77.4194
17298,"Gabrielle Edwards",62,"OVER 59",VIP,2013-12-06,147,2,5971,3,3,31,2985.50,192.6129
6313,"Mayra Kovar",54,50-59,Regular,2013-11-12,148,2,4471,4,4,31,2235.50,144.2258
6972,"Mayra Perez",52,50-59,Regular,2013-09-26,149,2,2435,3,3,31,1217.50,78.5484
6958,"Misty Yuan",50,50-59,Regular,2013-09-23,149,2,2435,3,3,31,1217.50,78.5484
17265,"Nicole Diaz",58,50-59,VIP,2013-12-11,147,2,5997,3,3,31,2998.50,193.4516
17667,"Kelvin Zhu",46,40-49,Regular,2013-12-17,147,2,4822,3,3,31,2411.00,155.5484
8340,"Lance Gomez",54,50-59,Regular,2013-11-14,148,3,4316,6,6,31,1438.67,139.2258
2608,"Levi Rana",65,"OVER 59",VIP,2013-12-09,147,3,6464,5,5,31,2154.67,208.5161
2667,"Teresa Ruiz",47,40-49,VIP,2013-12-05,147,2,5900,3,3,31,2950.00,190.3226
17197,"Timothy Cox",62,"OVER 59",VIP,2013-12-18,147,2,5985,5,5,31,2992.50,193.0645
6260,"Trisha Wang",43,40-49,Regular,2013-10-19,149,2,4404,4,4,31,2202.00,142.0645
17251,"Tyrone Dominguez",51,50-59,VIP,2013-12-03,147,2,6016,3,3,31,3008.00,194.0645
6296,"Victor Sanz",49,40-49,Regular,2013-10-29,148,2,4392,4,4,31,2196.00,141.6774
14253,"Warren Zhang",64,"OVER 59",Regular,2013-08-22,150,2,1892,6,6,31,946.00,61.0323
6327,"Paul Shakespear",51,50-59,Regular,2013-10-30,148,2,4467,3,3,31,2233.50,144.0968
2564,"Phillip Sai",51,50-59,VIP,2013-08-08,151,2,5948,5,5,31,2974.00,191.8710
1132,"Randall Dominguez",64,"OVER 59",VIP,2013-10-10,149,5,13265,11,11,31,2653.00,427.9032
8341,"Renee Dominguez",54,50-59,Regular,2013-12-08,147,3,4314,8,7,31,1438.00,139.1613
17256,"Robert Clark",52,50-59,VIP,2013-12-14,147,2,6051,5,5,31,3025.50,195.1935
6295,"Ruth Arun",54,50-59,Regular,2013-11-05,148,2,4355,3,3,31,2177.50,140.4839
17225,"Spencer Henderson",63,"OVER 59",VIP,2013-12-14,147,2,6016,3,3,31,3008.00,194.0645
2580,"Alan Chen",69,"OVER 59",VIP,2013-11-18,148,4,7294,10,10,31,1823.50,235.2903
14250,"Alexandra Watson",63,"OVER 59",Regular,2013-08-23,150,2,1868,5,5,31,934.00,60.2581
6505,"Anna Williams",60,"OVER 59",Regular,2013-12-04,147,2,4362,4,4,31,2181.00,140.7097
14251,"Anthony Walker",63,"OVER 59",Regular,2013-08-28,150,2,1883,5,5,31,941.50,60.7419
6957,"Jaime Gomez",44,40-49,Regular,2013-09-06,150,2,2431,5,5,31,1215.50,78.4194
17248,"Jonathan Adams",63,"OVER 59",VIP,2013-12-15,147,2,5962,2,2,31,2981.00,192.3226
9553,"Heather Liang",58,50-59,Regular,2013-12-03,147,2,3034,4,4,30,1517.00,101.1333
6279,"Isabella Price",39,30-39,Regular,2013-09-30,149,2,4382,3,3,30,2191.00,146.0667
2585,"Isaiah Cox",61,"OVER 59",VIP,2013-07-26,151,3,8361,7,6,30,2787.00,278.7000
2261,"James Flores",62,"OVER 59",VIP,2013-08-13,151,4,7239,8,8,30,1809.75,241.3000
7466,"Jamie Yang",63,"OVER 59",Regular,2013-12-18,147,2,4752,3,3,30,2376.00,158.4000
3160,"Jay Malhotra",45,40-49,VIP,2013-10-13,149,2,5930,4,4,30,2965.00,197.6667
365,"Jennifer Collins",40,40-49,Regular,2013-12-26,146,3,4921,4,4,30,1640.33,164.0333
14557,"Joan Martin",39,30-39,Regular,2013-10-06,149,2,1253,4,4,30,626.50,41.7667
8856,"John Smith",69,"OVER 59",VIP,2013-11-21,148,2,5710,4,4,30,2855.00,190.3333
11714,"Joseph Miller",53,50-59,Regular,2013-12-25,146,2,4148,4,4,30,2074.00,138.2667
364,"Julian Ross",42,40-49,VIP,2013-12-18,147,3,5035,5,5,30,1678.33,167.8333
6922,"Karen Li",42,40-49,Regular,2013-10-04,149,2,4698,2,2,30,2349.00,156.6000
9173,"Kelli Gao",55,50-59,Regular,2013-11-25,147,2,3150,3,3,30,1575.00,105.0000
135,"Larry Townsend",69,"OVER 59",Regular,2013-11-03,148,3,4911,3,3,30,1637.00,163.7000
2592,"Latasha Alonso",61,"OVER 59",VIP,2013-07-10,152,3,8355,9,8,30,2785.00,278.5000
7204,"Louis Kumar",47,40-49,Regular,2013-11-16,148,2,4172,3,3,30,2086.00,139.0667
2591,"Louis Xie",67,"OVER 59",VIP,2013-07-22,151,3,8306,6,6,30,2768.67,276.8667
8416,"Devin Collins",54,50-59,Regular,2013-12-24,146,2,2435,3,3,30,1217.50,81.1667
6928,"Douglas Patel",42,40-49,Regular,2013-11-14,148,2,4725,4,4,30,2362.50,157.5000
6289,"Dwayne Torres",51,50-59,Regular,2013-10-01,149,2,4426,5,5,30,2213.00,147.5333
8845,"Emma Murphy",77,"OVER 59",VIP,2013-11-08,148,2,5808,7,7,30,2904.00,193.6000
6259,"Fernando Green",49,40-49,Regular,2013-10-01,149,2,4347,2,2,30,2173.50,144.9000
14271,"Gloria Diaz",77,"OVER 59",Regular,2013-08-19,151,2,1854,3,3,30,927.00,61.8000
366,"Brittney Sun",41,40-49,VIP,2013-12-22,146,3,5024,7,7,30,1674.67,167.4667
6250,"Carl Goel",47,40-49,Regular,2013-09-26,149,2,4426,4,4,30,2213.00,147.5333
7337,"Carla Gonzalez",78,"OVER 59",VIP,2013-12-19,147,2,6144,7,7,30,3072.00,204.8000
6927,"Carolyn Ramos",42,40-49,Regular,2013-11-22,147,2,4715,4,4,30,2357.50,157.1667
3526,"Claudia Sun",43,40-49,VIP,2013-10-26,148,3,6665,6,6,30,2221.67,222.1667
2842,"Clayton Kumar",46,40-49,VIP,2013-10-17,149,3,6624,4,4,30,2208.00,220.8000
9050,"Colleen Chavez",49,40-49,Regular,2013-08-23,150,2,3150,3,3,30,1575.00,105.0000
3159,"Craig Moreno",51,50-59,VIP,2013-10-20,149,2,5977,5,5,30,2988.50,199.2333
6258,"Darren Rana",50,50-59,Regular,2013-09-23,149,2,4480,5,5,30,2240.00,149.3333
14272,"Mario Shan",65,"OVER 59",Regular,2013-08-28,150,2,1854,3,3,30,927.00,61.8000
2688,"Mario Xie",47,40-49,VIP,2013-08-28,150,2,5873,2,2,30,2936.50,195.7667
2773,"Michele Perez",51,50-59,VIP,2013-09-20,150,2,5928,3,3,30,2964.00,197.6000
6278,"Nichole Goel",45,40-49,Regular,2013-10-10,149,2,4426,4,4,30,2213.00,147.5333
1302,"Nichole Nara",73,"OVER 59",VIP,2013-11-20,148,5,13294,13,11,30,2658.80,443.1333
7339,"Nina Andersen",67,"OVER 59",VIP,2013-12-12,147,2,6124,6,6,30,3062.00,204.1333
14877,"Noah King",72,"OVER 59",Regular,2013-08-18,151,2,4629,5,5,30,2314.50,154.3000
7458,"Olivia White",65,"OVER 59",Regular,2013-12-07,147,2,4826,6,6,30,2413.00,160.8667
8365,"Alejandro Nara",52,50-59,Regular,2013-12-01,147,3,4313,6,6,30,1437.67,143.7667
6294,"Alexandra Allen",53,50-59,Regular,2013-10-22,148,2,4417,3,3,30,2208.50,147.2333
2822,"Allen Lopez",57,50-59,VIP,2013-09-10,150,2,5940,5,5,30,2970.00,198.0000
2662,"Andre Sara",44,40-49,VIP,2013-08-06,151,2,5913,4,4,30,2956.50,197.1000
2692,"Ariana Bailey",42,40-49,VIP,2013-08-28,150,2,5977,5,5,30,2988.50,199.2333
7338,"Audrey Serrano",72,"OVER 59",VIP,2013-12-03,147,2,6021,2,2,30,3010.50,200.7000
14563,"Bonnie Sharma",40,40-49,Regular,2013-10-26,148,2,1239,2,2,30,619.50,41.3000
6926,"Bradley Raji",43,40-49,Regular,2013-10-23,148,2,4698,2,2,30,2349.00,156.6000
14864,"Sydney Wright",73,"OVER 59",Regular,2013-07-26,151,2,4631,5,5,30,2315.50,154.3667
2690,"Teresa Ramos",47,40-49,VIP,2013-08-24,150,2,5898,2,2,30,2949.00,196.6000
7205,"Tiffany Cai",46,40-49,Regular,2013-11-13,148,2,4133,4,4,30,2066.50,137.7667
14867,"Tristan Perry",73,"OVER 59",Regular,2013-08-06,151,2,4604,4,4,30,2302.00,153.4667
14560,"Troy Sanchez",40,40-49,Regular,2013-10-15,149,2,1253,4,4,30,626.50,41.7667
14558,"Tyrone Navarro",40,40-49,Regular,2013-10-24,148,2,1262,4,4,30,631.00,42.0667
8366,"Wayne Shan",58,50-59,Regular,2013-12-21,147,3,4322,8,8,30,1440.67,144.0667
373,"Wendy Romero",42,40-49,Regular,2013-12-14,147,3,4965,5,5,30,1655.00,165.5000
3158,"Willie Xu",45,40-49,VIP,2013-10-28,148,3,6650,4,4,30,2216.67,221.6667
14559,"Zachary Wilson",40,40-49,Regular,2013-10-01,149,2,1307,5,5,30,653.50,43.5667
17394,"Ramon Zheng",54,50-59,Regular,2013-08-01,151,2,4539,4,4,30,2269.50,151.3000
3502,"Ruben Prasad",82,"OVER 59",Regular,2013-07-13,152,2,2994,2,2,30,1497.00,99.8000
8358,"Ryan Flores",40,40-49,Regular,2013-12-07,147,2,2478,4,4,30,1239.00,82.6000
3511,"Samuel Hernandez",52,50-59,Regular,2013-07-23,151,2,3036,5,5,30,1518.00,101.2000
11733,"Sean Turner",77,"OVER 59",Regular,2013-12-05,147,2,4133,4,4,30,2066.50,137.7667
17396,"Shannon Dominguez",53,50-59,Regular,2013-09-10,150,2,4554,4,4,30,2277.00,151.8000
14295,"Sharon Sharma",48,40-49,Regular,2013-08-26,150,2,1882,4,4,30,941.00,62.7333
6925,"Shawna Lal",42,40-49,Regular,2013-10-18,149,2,4733,3,3,30,2366.50,157.7667
2541,"Paula Ortega",49,40-49,VIP,2013-07-27,151,3,6528,9,9,29,2176.00,225.1034
3985,"Regina Vance",41,40-49,VIP,2013-12-28,146,3,6699,7,7,29,2233.00,231.0000
14890,"Reginald Munoz",70,"OVER 59",Regular,2013-08-18,151,2,4651,5,5,29,2325.50,160.3793
3779,"Renee Jimenez",53,50-59,VIP,2013-11-17,148,3,6673,7,7,29,2224.33,230.1034
7336,"Ricky Diaz",72,"OVER 59",VIP,2013-11-20,148,2,6035,4,4,29,3017.50,208.1034
3706,"Riley Wood",48,40-49,VIP,2013-10-28,148,2,5875,3,3,29,2937.50,202.5862
1322,"Rosa Hu",69,"OVER 59",VIP,2013-11-21,148,5,13215,15,12,29,2643.00,455.6897
8388,"Ruth Rana",46,40-49,Regular,2013-12-19,147,2,2464,5,5,29,1232.00,84.9655
2680,"Sandra Li",46,40-49,VIP,2013-08-01,151,2,5933,3,3,29,2966.50,204.5862
14710,"Savannah Lopez",41,40-49,Regular,2013-11-21,148,2,1308,5,5,29,654.00,45.1034
2586,"Savannah Morris",61,"OVER 59",VIP,2013-07-19,152,3,8368,6,6,29,2789.33,288.5517
6923,"Shane Schmidt",42,40-49,Regular,2013-10-05,149,2,4821,6,6,29,2410.50,166.2414
127,"Shaun Carson",71,"OVER 59",Regular,2013-11-03,148,3,4971,8,7,29,1657.00,171.4138
2846,"Shawn Nara",44,40-49,VIP,2013-09-24,149,2,5917,4,4,29,2958.50,204.0345
14879,"Brianna Simmons",72,"OVER 59",Regular,2013-08-17,151,2,4650,3,3,29,2325.00,160.3448
9559,"Brianna Stewart",64,"OVER 59",Regular,2013-12-12,147,2,3019,2,2,29,1509.50,104.1034
7453,"Bruce Martinez",66,"OVER 59",Regular,2013-11-09,148,2,4752,3,3,29,2376.00,163.8621
6256,"Carly Nath",44,40-49,Regular,2013-09-05,150,2,4441,4,4,29,2220.50,153.1379
7199,"Cedric Xu",46,40-49,Regular,2013-10-24,148,2,4143,3,3,29,2071.50,142.8621
7463,"Clarence Zhu",68,"OVER 59",Regular,2013-12-12,147,2,4752,3,3,29,2376.00,163.8621
248,"Claudia Zhou",64,"OVER 59",VIP,2013-08-17,151,4,7131,12,11,29,1782.75,245.8966
5528,"Cory Arun",42,40-49,Regular,2013-06-25,152,2,4752,3,3,29,2376.00,163.8621
6924,"Cory Malhotra",43,40-49,Regular,2013-10-24,148,2,4752,3,3,29,2376.00,163.8621
14561,"Daisy Vazquez",42,40-49,Regular,2013-10-18,149,2,1288,5,5,29,644.00,44.4138
6243,"Dale Chande",41,40-49,Regular,2013-08-20,151,2,4386,5,5,29,2193.00,151.2414
2821,"Danny Alvarez",56,50-59,VIP,2013-09-24,149,2,5908,3,3,29,2954.00,203.7241
14274,"Karl Rai",77,"OVER 59",Regular,2013-08-17,151,2,1897,4,4,29,948.50,65.4138
7202,"Karla Xie",46,40-49,Regular,2013-10-16,149,2,4157,5,5,29,2078.50,143.3448
2783,"Kelli Lu",47,40-49,VIP,2013-10-15,149,3,6512,9,7,29,2170.67,224.5517
9166,"Kristina Mehta",77,"OVER 59",Regular,2013-09-07,150,2,3191,5,5,29,1595.50,110.0345
2848,"Kurt Tang",45,40-49,VIP,2013-09-02,150,2,5888,4,4,29,2944.00,203.0345
3844,"Lee Vazquez",45,40-49,VIP,2013-11-26,147,3,6690,6,6,29,2230.00,230.6897
2847,"Lisa Zheng",45,40-49,VIP,2013-09-16,150,2,5933,3,3,29,2966.50,204.5862
2784,"Logan Wright",53,50-59,VIP,2013-09-08,150,2,5955,4,4,29,2977.50,205.3448
6913,"Louis Zhou",44,40-49,Regular,2013-09-24,149,2,4752,3,3,29,2376.00,163.8621
14888,"Jack Collins",64,"OVER 59",Regular,2013-08-20,151,2,4673,5,5,29,2336.50,161.1379
2681,"Jan Watson",45,40-49,VIP,2013-08-06,151,2,5948,5,5,29,2974.00,205.1034
360,"Jarrod Prasad",42,40-49,Regular,2013-12-04,147,3,4959,8,8,29,1653.00,171.0000
9171,"Jerome Martin",60,"OVER 59",Regular,2013-10-16,149,2,3177,3,3,29,1588.50,109.5517
6974,"Johnathan Rodriguez",41,40-49,Regular,2013-09-07,150,2,2551,6,6,29,1275.50,87.9655
5530,"Jonathon Gutierrez",43,40-49,Regular,2013-06-18,153,2,4752,3,3,29,2376.00,163.8621
14711,"Diana Gill",40,40-49,Regular,2013-11-28,147,2,1239,2,2,29,619.50,42.7241
17666,"Donna Anand",47,40-49,Regular,2013-11-24,147,2,4852,4,4,29,2426.00,167.3103
6911,"Dustin Nara",43,40-49,Regular,2013-09-22,149,2,4698,2,2,29,2349.00,162.0000
369,"Edward Miller",41,40-49,VIP,2013-12-01,147,3,5105,11,11,29,1701.67,176.0345
14273,"Edwin Xu",77,"OVER 59",Regular,2013-08-05,151,2,1873,3,3,29,936.50,64.5862
7203,"Erika Gill",47,40-49,Regular,2013-11-16,148,2,4143,2,2,29,2071.50,142.8621
612,"Ernest Lin",41,40-49,VIP,2013-06-29,152,2,5873,2,2,29,2936.50,202.5172
148,"Ernest Wu",81,"OVER 59",VIP,2013-10-16,149,3,8195,7,7,29,2731.67,282.5862
14565,"Fernando Nelson",43,40-49,Regular,2013-10-27,148,2,1253,4,4,29,626.50,43.2069
7767,"Francisco Sai",80,"OVER 59",Regular,2013-12-17,147,2,4752,3,3,29,2376.00,163.8621
1297,"Francisco Sara",64,"OVER 59",VIP,2013-10-25,148,5,13164,12,9,29,2632.80,453.9310
2771,"Gerald Moreno",52,50-59,VIP,2013-10-04,149,3,6428,5,5,29,2142.67,221.6552
7459,"Gregory She",64,"OVER 59",Regular,2013-12-13,147,2,4733,3,3,29,2366.50,163.2069
2577,"Tamara Lal",64,"OVER 59",VIP,2013-06-21,153,3,8330,7,7,29,2776.67,287.2414
357,"Terrence Carson",40,40-49,VIP,2013-10-31,148,3,5069,8,8,29,1689.67,174.7931
7462,"Tina Martinez",68,"OVER 59",Regular,2013-12-07,147,2,4747,4,4,29,2373.50,163.6897
3147,"Toni Sara",61,"OVER 59",VIP,2013-10-16,149,3,6750,8,8,29,2250.00,232.7586
7465,"Toni Suri",67,"OVER 59",Regular,2013-12-17,147,2,4698,2,2,29,2349.00,162.0000
6917,"Tracy Xu",42,40-49,Regular,2013-09-28,149,2,4787,4,4,29,2393.50,165.0690
14866,"Tristan Butler",74,"OVER 59",Regular,2013-07-08,152,2,4644,3,3,29,2322.00,160.1379
361,"Tyrone Serrano",42,40-49,VIP,2013-12-22,146,3,5025,6,6,29,1675.00,173.2759
2772,"Victor Moreno",46,40-49,VIP,2013-10-15,149,3,6535,10,10,29,2178.33,225.3448
9049,"Virginia Srini",48,40-49,Regular,2013-07-28,151,2,3142,2,2,29,1571.00,108.3448
2679,"Warren Goel",46,40-49,VIP,2013-08-22,150,2,5933,3,3,29,2966.50,204.5862
1309,"Margaret He",55,50-59,VIP,2013-11-19,148,5,13268,14,14,29,2653.60,457.5172
3951,"Maria Hernandez",50,50-59,VIP,2013-12-17,147,3,6709,6,6,29,2236.33,231.3448
2601,"Marie Sanz",69,"OVER 59",VIP,2013-07-03,152,3,8460,11,11,29,2820.00,291.7241
4048,"Meghan Vazquez",59,50-59,VIP,2013-12-19,147,3,6669,7,6,29,2223.00,229.9655
3573,"Melanie Foster",49,40-49,Regular,2013-07-22,151,2,3016,3,3,29,1508.00,104.0000
152,"Melinda Gill",78,"OVER 59",VIP,2013-10-20,149,3,8087,6,6,29,2695.67,278.8621
607,"Melody Ramos",40,40-49,VIP,2013-06-28,152,2,5922,5,5,29,2961.00,204.2069
6247,"Micah Wu",49,40-49,Regular,2013-08-22,150,2,4379,4,4,29,2189.50,151.0000
14562,"Micah Zeng",43,40-49,Regular,2013-10-23,148,2,1288,5,5,29,644.00,44.4138
14709,"Misty Sharma",42,40-49,Regular,2013-11-26,147,2,1253,4,4,29,626.50,43.2069
3721,"Naomi Dominguez",50,50-59,VIP,2013-10-25,148,2,5900,3,3,29,2950.00,203.4483
3166,"Natalie Gray",51,50-59,VIP,2013-10-08,149,2,5910,4,4,29,2955.00,203.7931
14564,"Natasha Serrano",42,40-49,Regular,2013-10-05,149,2,1239,2,2,29,619.50,42.7241
14906,"Nathan Hayes",61,"OVER 59",Regular,2013-09-05,150,2,4599,3,3,29,2299.50,158.5862
6257,"Noah Flores",50,50-59,Regular,2013-09-23,149,2,4362,4,4,29,2181.00,150.4138
3156,"Olivia Morris",44,40-49,VIP,2013-10-05,149,2,5993,3,3,29,2996.50,206.6552
6242,"Omar Chander",41,40-49,Regular,2013-08-21,151,2,4382,3,3,29,2191.00,151.1034
11749,"Adam Phillips",74,"OVER 59",Regular,2013-12-27,146,2,4188,4,4,29,2094.00,144.4138
7464,"Adriana Suri",68,"OVER 59",Regular,2013-12-02,147,2,4725,4,4,29,2362.50,162.9310
2582,"Albert Blanco",73,"OVER 59",VIP,2013-06-09,153,3,8375,8,7,29,2791.67,288.7931
245,"Alexis Coleman",57,50-59,VIP,2013-07-19,152,4,7175,12,11,29,1793.75,247.4138
6249,"Alicia Beck",48,40-49,Regular,2013-09-01,150,2,4382,3,3,29,2191.00,151.1034
17395,"Alisha Zhang",54,50-59,Regular,2013-08-20,151,2,4555,3,3,29,2277.50,157.0690
14880,"Alyssa Wood",72,"OVER 59",Regular,2013-08-17,151,2,4659,4,4,29,2329.50,160.6552
2561,"Andres Shan",45,40-49,VIP,2013-08-24,150,3,6453,5,5,29,2151.00,222.5172
3577,"Anna Price",46,40-49,Regular,2013-07-11,152,2,1476,3,3,29,738.00,50.8966
17665,"Ashlee Sharma",51,50-59,Regular,2013-10-10,149,2,4793,2,2,29,2396.50,165.2759
3151,"Billy Munoz",61,"OVER 59",VIP,2013-10-02,149,3,6705,5,5,29,2235.00,231.2069
3521,"Bonnie Xu",41,40-49,Regular,2013-06-07,153,2,1503,3,3,29,751.50,51.8276
1308,"Brad She",65,"OVER 59",VIP,2013-11-17,148,5,13172,11,10,29,2634.40,454.2069
6921,"Bradley Yuan",42,40-49,Regular,2013-10-04,149,2,4733,3,3,29,2366.50,163.2069
1301,"Adriana Gonzalez",74,"OVER 59",VIP,2013-10-17,149,5,13242,10,10,28,2648.40,472.9286
6916,"Aimee Li",42,40-49,Regular,2013-09-07,150,2,4792,5,5,28,2396.00,171.1429
3948,"Alejandro Chen",50,50-59,VIP,2013-11-07,148,3,6658,6,6,28,2219.33,237.7857
7201,"Alfredo Gomez",47,40-49,Regular,2013-09-29,149,2,4150,5,5,28,2075.00,148.2143
594,"Armando Moreno",43,40-49,VIP,2013-06-19,153,2,5908,3,3,28,2954.00,211.0000
5527,"Arthur Perez",41,40-49,Regular,2013-06-11,153,2,4757,4,4,28,2378.50,169.8929
2542,"Ashlee Xu",60,"OVER 59",VIP,2013-06-30,152,3,6536,9,9,28,2178.67,233.4286
3560,"Ashley Washington",50,50-59,Regular,2013-06-03,153,2,1547,4,4,28,773.50,55.2500
3833,"Barry Rana",45,40-49,VIP,2013-11-10,148,2,5938,4,4,28,2969.00,212.0714
121,"Beth Jim├®nez",84,"OVER 59",VIP,2013-09-19,150,3,8242,10,10,28,2747.33,294.3571
2584,"Blake Butler",65,"OVER 59",VIP,2013-06-06,153,3,8375,8,8,28,2791.67,299.1071
4049,"Bonnie Yuan",59,50-59,VIP,2013-12-01,147,3,6690,6,6,28,2230.00,238.9286
1222,"Brandi Ruiz",59,50-59,VIP,2013-07-20,152,2,5968,4,4,28,2984.00,213.1429
3938,"Brendan Xu",42,40-49,VIP,2013-11-09,148,3,6652,5,5,28,2217.33,237.5714
3163,"Brett Garcia",50,50-59,VIP,2013-12-19,147,3,6473,7,7,28,2157.67,231.1786
9150,"Heidi Arun",77,"OVER 59",Regular,2013-08-06,151,2,3165,5,5,28,1582.50,113.0357
15693,"Isabella Brown",53,50-59,Regular,2013-10-07,149,2,1266,5,5,28,633.00,45.2143
602,"Ivan Raman",43,40-49,VIP,2013-06-07,153,2,5932,6,6,28,2966.00,211.8571
2698,"J├®sus Munoz",49,40-49,VIP,2013-08-31,150,3,6485,7,7,28,2161.67,231.6071
4079,"Jacob Wilson",45,40-49,VIP,2013-12-25,146,3,6675,4,4,28,2225.00,238.3929
11,"Jacquelyn Suarez",56,50-59,VIP,2013-05-23,153,3,8088,4,4,28,2696.00,288.8571
4063,"Jaime Alonso",59,50-59,VIP,2013-12-20,147,3,6684,5,5,28,2228.00,238.7143
14970,"Jason Parker",56,50-59,Regular,2013-10-15,149,2,4650,3,3,28,2325.00,166.0714
2823,"Jay Moyer",58,50-59,VIP,2013-10-17,149,3,6523,7,7,28,2174.33,232.9643
7189,"Jeffery Wang",45,40-49,VIP,2013-08-08,151,2,6093,5,5,28,3046.50,217.6071
338,"Jerome Romero",59,50-59,VIP,2013-07-19,152,3,8162,8,7,28,2720.67,291.5000
7332,"Jerry Chande",74,"OVER 59",Regular,2013-11-18,148,2,4752,3,3,28,2376.00,169.7143
3731,"Jerry Ferrier",62,"OVER 59",Regular,2013-12-27,146,2,2588,5,5,28,1294.00,92.4286
14896,"Jesse Richardson",68,"OVER 59",Regular,2013-08-09,151,2,4650,3,3,28,2325.00,166.0714
9563,"Jim Rodman",59,50-59,Regular,2013-12-22,146,2,2994,2,2,28,1497.00,106.9286
9168,"Joe Serrano",54,50-59,Regular,2013-09-25,149,2,3142,2,2,28,1571.00,112.2143
14943,"Brianna Brooks",40,40-49,Regular,2013-09-19,150,2,4599,3,3,28,2299.50,164.2500
6920,"Bruce Hernandez",42,40-49,Regular,2013-09-13,150,2,4733,3,3,28,2366.50,169.0357
5929,"Bryan Stewart",62,"OVER 59",Regular,2013-06-18,153,2,4698,2,2,28,2349.00,167.7857
12058,"Caitlin Richardson",66,"OVER 59",VIP,2013-12-22,146,2,6021,4,4,28,3010.50,215.0357
1255,"Calvin Deng",77,"OVER 59",VIP,2013-07-29,151,2,5968,5,5,28,2984.00,213.1429
6988,"Cara Sun",54,50-59,Regular,2013-09-29,149,2,2450,3,3,28,1225.00,87.5000
14868,"Carlos Carter",73,"OVER 59",VIP,2013-06-29,152,2,5784,2,2,28,2892.00,206.5714
9165,"Carol Ann Rockne",77,"OVER 59",Regular,2013-09-18,150,2,3150,3,3,28,1575.00,112.5000
12115,"Caroline Washington",46,40-49,VIP,2013-12-10,147,2,5996,4,4,28,2998.00,214.1429
4047,"Casey Tang",76,"OVER 59",VIP,2013-12-17,147,2,5943,4,4,28,2971.50,212.2500
4,"Christy Zhu",52,50-59,VIP,2013-05-10,154,3,8139,9,9,28,2713.00,290.6786
3794,"Clayton Nath",53,50-59,VIP,2013-10-22,148,2,5948,5,5,28,2974.00,212.4286
1268,"Clifford Garcia",62,"OVER 59",VIP,2013-08-16,151,2,5873,2,2,28,2936.50,209.7500
608,"Clinton Moreno",39,30-39,VIP,2013-06-10,153,2,5913,4,4,28,2956.50,211.1786
6918,"Cristina Raje",41,40-49,Regular,2013-08-31,150,2,4733,3,3,28,2366.50,169.0357
3703,"Curtis Zimmerman",47,40-49,VIP,2013-10-06,149,3,6729,7,7,28,2243.00,240.3214
359,"Cynthia Malhotra",41,40-49,VIP,2013-11-14,148,3,5034,8,8,28,1678.00,179.7857
4082,"Daisy Munoz",50,50-59,VIP,2013-12-20,147,2,5900,3,3,28,2950.00,210.7143
593,"Darrell Raji",42,40-49,VIP,2013-05-12,154,2,5875,3,3,28,2937.50,209.8214
14715,"Darren Gutierrez",42,40-49,Regular,2013-11-27,147,2,1308,5,5,28,654.00,46.7143
6912,"Pedro Rodriguez",43,40-49,Regular,2013-08-30,150,2,4698,2,2,28,2349.00,167.7857
2687,"Peter Jai",46,40-49,VIP,2013-09-06,150,3,6493,4,4,28,2164.33,231.8929
6915,"Phillip Suri",41,40-49,Regular,2013-09-13,150,2,4698,2,2,28,2349.00,167.7857
14887,"Rachel Rogers",70,"OVER 59",Regular,2013-08-16,151,2,4673,5,5,28,2336.50,166.8929
358,"Ramon Ye",41,40-49,Regular,2013-10-29,148,3,4943,5,5,28,1647.67,176.5357
11300,"Richard Murphy",51,50-59,Regular,2013-10-28,148,2,4145,4,4,28,2072.50,148.0357
3834,"Riley Hayes",58,50-59,VIP,2013-11-08,148,3,6679,5,5,28,2226.33,238.5357
5930,"Savannah Scott",74,"OVER 59",Regular,2013-06-24,152,2,4733,3,3,28,2366.50,169.0357
251,"Shannon Liu",60,"OVER 59",VIP,2013-08-06,151,4,7115,11,10,28,1778.75,254.1071
592,"Stacey Lu",57,50-59,VIP,2013-05-23,153,2,5895,3,3,28,2947.50,210.5357
8421,"Stanley Raman",61,"OVER 59",Regular,2013-12-06,147,3,4315,8,8,28,1438.33,154.1071
3950,"Steve Wu",55,50-59,VIP,2013-12-04,147,3,6795,5,5,28,2265.00,242.6786
11890,"Julia Long",55,50-59,VIP,2013-11-25,147,2,5971,3,3,28,2985.50,213.2500
6,"Julio Ruiz",49,40-49,VIP,2013-05-02,154,3,8121,6,6,28,2707.00,290.0357
9061,"Kayla Jackson",48,40-49,Regular,2013-08-07,151,2,3142,2,2,28,1571.00,112.2143
3778,"Kayla Jenkins",52,50-59,VIP,2013-10-23,148,2,5923,5,5,28,2961.50,211.5357
3561,"Kelvin Huang",49,40-49,Regular,2013-06-01,153,2,1538,3,3,28,769.00,54.9286
14566,"Kevin Perez",42,40-49,Regular,2013-10-21,149,2,1239,2,2,28,619.50,44.2500
14567,"Kristine Navarro",42,40-49,Regular,2013-10-16,149,2,1253,4,4,28,626.50,44.7500
6737,"Kristine Vazquez",42,40-49,Regular,2013-08-26,150,2,4742,4,4,28,2371.00,169.3571
1220,"Kurt Nara",48,40-49,VIP,2013-07-27,151,2,5967,5,5,28,2983.50,213.1071
14918,"Kyle Long",42,40-49,Regular,2013-09-18,150,2,4700,4,4,28,2350.00,167.8571
3430,"Lacey He",65,"OVER 59",VIP,2013-08-16,151,3,8394,6,6,28,2798.00,299.7857
6914,"Lacey Xu",44,40-49,Regular,2013-09-02,150,2,4733,3,3,28,2366.50,169.0357
14714,"Latasha Gill",41,40-49,Regular,2013-11-08,148,2,1288,5,5,28,644.00,46.0000
240,"Latoya Goel",56,50-59,VIP,2013-05-28,153,4,7511,11,11,28,1877.75,268.2500
14706,"Levi Prasad",41,40-49,Regular,2013-11-26,147,2,1274,3,3,28,637.00,45.5000
4060,"Lisa Zhu",55,50-59,VIP,2013-12-20,147,3,6793,10,9,28,2264.33,242.6071
2560,"Lori Ramos",51,50-59,VIP,2013-07-02,152,3,6508,7,7,28,2169.33,232.4286
14708,"Louis Raje",41,40-49,Regular,2013-10-29,148,2,1262,5,5,28,631.00,45.0714
8830,"Lucas Mitchell",57,50-59,Regular,2013-07-27,151,2,4533,5,5,28,2266.50,161.8929
3559,"Marcel Truempy",44,40-49,Regular,2013-06-11,153,2,1527,4,4,28,763.50,54.5357
6230,"Maria Watson",44,40-49,Regular,2013-07-14,152,2,4471,4,4,28,2235.50,159.6786
15684,"Mariah Simmons",50,50-59,Regular,2013-09-17,150,2,1270,5,5,28,635.00,45.3571
14712,"Mario Luo",40,40-49,Regular,2013-11-27,147,2,1274,3,3,28,637.00,45.5000
14873,"Melanie Ross",61,"OVER 59",VIP,2013-06-24,152,2,5819,3,3,28,2909.50,207.8214
600,"Melody Diaz",43,40-49,VIP,2013-06-12,153,2,5957,6,6,28,2978.50,212.7500
6248,"Michael Moore",48,40-49,Regular,2013-08-02,151,2,4432,5,5,28,2216.00,158.2857
3172,"Michele Lal",76,"OVER 59",VIP,2013-12-12,147,3,6616,10,10,28,2205.33,236.2857
14889,"Morgan Edwards",64,"OVER 59",Regular,2013-07-31,151,2,4624,4,4,28,2312.00,165.1429
14917,"Naomi Serrano",42,40-49,Regular,2013-09-16,150,2,4650,3,3,28,2325.00,166.0714
3566,"Natalie Hernandez",51,50-59,Regular,2013-06-23,152,2,1503,3,3,28,751.50,53.6786
3578,"Natalie Rogers",52,50-59,Regular,2013-07-09,152,2,1505,5,5,28,752.50,53.7500
3698,"Nelson Jimenez",48,40-49,VIP,2013-09-30,149,3,6684,6,6,28,2228.00,238.7143
253,"Nicholas Thompson",88,"OVER 59",VIP,2013-12-18,147,3,6685,7,7,28,2228.33,238.7500
335,"Nicole Brown",59,50-59,VIP,2013-07-27,151,3,8154,6,6,28,2718.00,291.2143
14568,"Dennis Zheng",43,40-49,Regular,2013-10-09,149,2,1239,2,2,28,619.50,44.2500
5529,"Dominique Garcia",42,40-49,Regular,2013-06-21,153,2,4698,2,2,28,2349.00,167.7857
4078,"Dominique Lopez",51,50-59,VIP,2013-12-19,147,3,6673,7,7,28,2224.33,238.3214
6241,"Dustin Luo",47,40-49,Regular,2013-08-09,151,2,4384,5,5,28,2192.00,156.5714
3701,"Edward Edwards",46,40-49,VIP,2013-10-15,149,2,5904,4,4,28,2952.00,210.8571
7335,"Edwin Ye",78,"OVER 59",Regular,2013-10-29,148,2,4698,2,2,28,2349.00,167.7857
3992,"Edwin Zhao",44,40-49,VIP,2013-12-09,147,3,6706,6,6,28,2235.33,239.5000
3942,"Emma Patterson",54,50-59,VIP,2013-11-26,147,3,6865,7,7,28,2288.33,245.1786
7333,"Emmanuel Malhotra",80,"OVER 59",Regular,2013-11-22,147,2,4752,3,3,28,2376.00,169.7143
3428,"Emmanuel Patel",64,"OVER 59",VIP,2013-08-27,150,3,8451,10,9,28,2817.00,301.8214
3713,"Eugene Liu",48,40-49,VIP,2013-10-04,149,3,6660,5,5,28,2220.00,237.8571
14707,"Francisco Madan",42,40-49,Regular,2013-11-03,148,2,1239,2,2,28,619.50,44.2500
3585,"Gabrielle Mitchell",49,40-49,Regular,2013-07-18,152,2,3040,6,6,28,1520.00,108.5714
3795,"Gilbert Becker",47,40-49,VIP,2013-11-12,148,2,5873,2,2,28,2936.50,209.7500
56,"Gilbert Raje",68,"OVER 59",VIP,2013-06-07,153,3,8168,8,8,28,2722.67,291.7143
3832,"Gilbert Xie",57,50-59,VIP,2013-11-13,148,2,5912,5,5,28,2956.00,211.1429
6905,"Gina Torres",40,40-49,Regular,2013-08-05,151,2,4733,3,3,28,2366.50,169.0357
6919,"Suzanne Zeng",41,40-49,Regular,2013-09-07,150,2,4733,3,3,28,2366.50,169.0357
3733,"Trinity Cook",55,50-59,Regular,2013-12-04,147,2,2450,3,3,28,1225.00,87.5000
1212,"Victor Romero",41,40-49,VIP,2013-07-15,152,2,5908,3,3,28,2954.00,211.0000
2603,"Virginia Mehta",70,"OVER 59",VIP,2013-06-30,152,3,8376,8,7,28,2792.00,299.1429
1221,"Virginia Sara",59,50-59,VIP,2013-07-29,151,2,5950,4,4,28,2975.00,212.5000
6503,"Wayne Kumar",65,"OVER 59",VIP,2013-08-16,151,2,6070,5,5,28,3035.00,216.7857
1257,"Wendy Ramos",53,50-59,VIP,2013-08-16,151,2,5953,3,3,28,2976.50,212.6071
9562,"Willie Liu",65,"OVER 59",Regular,2013-12-19,147,2,3139,3,3,28,1569.50,112.1071
11882,"Wyatt Martinez",54,50-59,VIP,2013-11-18,148,2,5997,3,3,28,2998.50,214.1786
18277,"Sydney Flores",67,"OVER 59",Regular,2013-10-21,149,2,4329,3,3,27,2164.50,160.3333
11118,"Sydney Perez",67,"OVER 59",Regular,2013-07-14,152,2,4158,4,4,27,2079.00,154.0000
14716,"Tabitha Sara",42,40-49,Regular,2013-11-26,147,2,1274,3,3,27,637.00,47.1852
6072,"Tammy Raji",55,50-59,Regular,2013-06-18,153,2,4417,3,3,27,2208.50,163.5926
6352,"Terrence Sharma",79,"OVER 59",VIP,2013-07-14,152,2,6117,6,6,27,3058.50,226.5556
1281,"Theresa Alvarez",44,40-49,VIP,2013-08-13,151,2,5923,5,5,27,2961.50,219.3704
225,"Tiffany Li",69,"OVER 59",VIP,2013-12-03,147,3,6685,5,5,27,2228.33,247.5926
62,"Todd Gao",50,50-59,VIP,2013-06-14,153,3,8129,6,6,27,2709.67,301.0741
91,"Trevor Bryant",57,50-59,VIP,2013-11-21,148,3,6703,6,6,27,2234.33,248.2593
264,"Trinity Richardson",56,50-59,VIP,2013-12-10,147,3,6753,9,9,27,2251.00,250.1111
3848,"Vadim Sazanovich",46,40-49,VIP,2013-11-19,148,3,6725,7,6,27,2241.67,249.0741
260,"Victoria Stewart",55,50-59,VIP,2013-12-20,147,3,6770,5,5,27,2256.67,250.7407
6233,"Walter Jimenez",45,40-49,Regular,2013-07-05,152,2,4347,2,2,27,2173.50,161.0000
7270,"Wendy Torres",51,50-59,VIP,2013-09-17,150,2,6113,5,5,27,3056.50,226.4074
3930,"Peter Anand",46,40-49,VIP,2013-11-04,148,3,6646,5,5,27,2215.33,246.1481
7269,"Preston Chapman",57,50-59,VIP,2013-08-27,150,2,6102,6,6,27,3051.00,226.0000
342,"Randy Zeng",84,"OVER 59",VIP,2013-07-19,152,3,8192,8,8,27,2730.67,303.4074
11051,"Richard Bailey",52,50-59,Regular,2013-06-16,153,2,4160,5,5,27,2080.00,154.0741
244,"Robin Alvarez",62,"OVER 59",VIP,2013-06-09,153,4,7164,12,10,27,1791.00,265.3333
4088,"Robin Sanz",45,40-49,VIP,2013-12-27,146,2,5917,4,4,27,2958.50,219.1481
1256,"Robyn Alvarez",48,40-49,VIP,2013-07-20,152,2,5883,3,3,27,2941.50,217.8889
3184,"Robyn Carlson",61,"OVER 59",VIP,2013-07-27,151,3,8321,5,5,27,2773.67,308.1852
3777,"Ronald Arthur",47,40-49,VIP,2013-10-07,149,2,5908,3,3,27,2954.00,218.8148
3929,"Roy Patel",52,50-59,VIP,2013-10-31,148,3,6706,6,6,27,2235.33,248.3704
3604,"Sara Ward",55,50-59,Regular,2013-07-28,151,2,3034,4,4,27,1517.00,112.3704
3732,"Seth Brown",61,"OVER 59",Regular,2013-12-08,147,2,2435,3,3,27,1217.50,90.1852
14705,"Seth Murphy",40,40-49,Regular,2013-10-02,149,2,1239,2,2,27,619.50,45.8889
10,"Shannon Carlson",56,50-59,VIP,2013-05-09,154,3,8091,5,5,27,2697.00,299.6667
1213,"Shawna Xie",51,50-59,VIP,2013-07-07,152,2,5898,2,2,27,2949.00,218.4444
4052,"Harold McDonald",60,"OVER 59",VIP,2013-11-30,147,3,6650,4,4,27,2216.67,246.2963
53,"Heidi Lopez",69,"OVER 59",VIP,2013-05-27,153,3,8131,7,7,27,2710.33,301.1481
3772,"Heidi Vance",52,50-59,VIP,2013-10-17,149,3,6689,6,6,27,2229.67,247.7407
6355,"Ivan Garcia",77,"OVER 59",VIP,2013-07-14,152,2,6029,3,3,27,3014.50,223.2963
7197,"Ivan Rana",46,40-49,Regular,2013-08-22,150,2,4133,4,4,27,2066.50,153.0741
7282,"Jaclyn Li",47,40-49,VIP,2013-09-16,150,2,6080,4,4,27,3040.00,225.1852
258,"Jacqueline Powell",NULL,"OVER 59",VIP,2013-12-14,147,3,6676,6,6,27,2225.33,247.2593
4057,"Jaime Suarez",61,"OVER 59",VIP,2013-12-01,147,3,6748,9,9,27,2249.33,249.9259
7,"Janet Alvarez",49,40-49,VIP,2013-05-14,154,3,8119,5,5,27,2706.33,300.7037
18279,"Janet Scott",61,"OVER 59",Regular,2013-10-19,149,2,4355,3,3,27,2177.50,161.2963
14978,"Jenna Lopez",46,40-49,Regular,2013-10-04,149,2,4625,3,3,27,2312.50,171.2963
11119,"Jennifer Parker",67,"OVER 59",Regular,2013-07-26,151,2,4158,4,4,27,2079.00,154.0000
3793,"Jerome Rubio",47,40-49,VIP,2013-10-28,148,2,5913,4,4,27,2956.50,219.0000
14869,"Jessica Lewis",73,"OVER 59",VIP,2013-06-05,153,2,5798,4,4,27,2899.00,214.7407
9565,"Jessie Gao",75,"OVER 59",Regular,2013-12-05,147,2,3059,4,4,27,1529.50,113.2963
6910,"Joanna Ortega",43,40-49,Regular,2013-08-06,151,2,4761,4,4,27,2380.50,176.3333
14953,"Jon Alonso",45,40-49,Regular,2013-09-10,150,2,4599,3,3,27,2299.50,170.3333
1,"Jon Yang",54,50-59,VIP,2013-05-03,154,3,8249,8,8,27,2749.67,305.5185
61,"Jon Zhou",66,"OVER 59",VIP,2013-06-25,152,3,8153,6,6,27,2717.67,301.9630
1495,"Abby Sandberg",50,50-59,VIP,2013-10-22,148,2,5948,5,5,27,2974.00,220.2963
1266,"Alan Guo",61,"OVER 59",VIP,2013-08-06,151,2,5964,5,5,27,2982.00,220.8889
6734,"Alberto Gill",41,40-49,Regular,2013-07-20,152,2,4757,4,4,27,2378.50,176.1852
6311,"Alejandro Wang",59,50-59,VIP,2013-06-05,153,2,6029,3,3,27,3014.50,223.2963
6733,"Allen Rodriguez",41,40-49,Regular,2013-07-16,152,2,4752,3,3,27,2376.00,176.0000
3597,"Amber Hill",53,50-59,Regular,2013-07-22,151,2,3056,5,5,27,1528.00,113.1852
6310,"Amy Ma",58,50-59,VIP,2013-06-07,153,2,6030,3,3,27,3015.00,223.3333
97,"Andr├®s Anand",58,50-59,VIP,2013-07-30,151,3,8063,4,4,27,2687.67,298.6296
14952,"Anthony Anderson",40,40-49,Regular,2013-09-27,149,2,4703,5,5,27,2351.50,174.1852
344,"Arthur Carlson",51,50-59,VIP,2013-07-24,151,3,8222,9,9,27,2740.67,304.5185
1399,"Ashley Clark",49,40-49,VIP,2013-09-17,150,3,6498,6,6,27,2166.00,240.6667
14713,"Brent He",41,40-49,Regular,2013-11-28,147,2,1262,5,5,27,631.00,46.7407
2686,"Briana Torres",42,40-49,VIP,2013-08-25,150,3,6509,9,9,27,2169.67,241.0741
11268,"Brianna Rodriguez",54,50-59,Regular,2013-10-01,149,2,4167,5,5,27,2083.50,154.3333
7000,"Byron Romero",57,50-59,Regular,2013-10-02,149,2,2454,3,3,27,1227.00,90.8889
6316,"Carolyn Munoz",59,50-59,VIP,2013-06-21,153,2,6030,3,3,27,3015.00,223.3333
5523,"Casey Pal",41,40-49,Regular,2013-04-08,155,2,4698,2,2,27,2349.00,174.0000
6066,"Cedric Chen",43,40-49,Regular,2013-06-23,152,2,4417,3,3,27,2208.50,163.5926
6997,"Cedric Raji",50,50-59,Regular,2013-09-29,149,2,2454,3,3,27,1227.00,90.8889
3592,"Charles Harris",54,50-59,Regular,2013-07-09,152,2,1500,4,4,27,750.00,55.5556
14910,"Chase James",41,40-49,Regular,2013-09-09,150,2,4659,5,5,27,2329.50,172.5556
14965,"Christopher Winston",46,40-49,Regular,2013-09-17,150,2,4650,3,3,27,2325.00,172.2222
14569,"Christy Wu",43,40-49,Regular,2013-10-16,149,2,1253,4,4,27,626.50,46.4074
6070,"Christy Zheng",46,40-49,Regular,2013-06-28,152,2,4426,4,4,27,2213.00,163.9259
3196,"Clinton Blanco",70,"OVER 59",VIP,2013-08-04,151,3,8316,7,7,27,2772.00,308.0000
10769,"Cole Watson",74,"OVER 59",Regular,2013-04-14,155,2,4118,2,2,27,2059.00,152.5185
4089,"Colleen Cai",46,40-49,VIP,2013-12-27,146,2,5896,5,5,27,2948.00,218.3704
6736,"Connor Yang",43,40-49,Regular,2013-08-08,151,2,4752,3,3,27,2376.00,176.0000
113,"Crystal Wang",58,50-59,VIP,2013-09-02,150,3,8295,6,6,27,2765.00,307.2222
111,"Curtis Yang",58,50-59,VIP,2013-08-20,151,3,8093,5,5,27,2697.67,299.7407
5932,"Dalton Lee",73,"OVER 59",Regular,2013-06-10,153,2,4767,5,5,27,2383.50,176.5556
3976,"Dalton Scott",57,50-59,VIP,2013-11-04,148,2,5957,6,6,27,2978.50,220.6296
5525,"Damien Huang",41,40-49,Regular,2013-04-28,154,2,4733,3,3,27,2366.50,175.2963
55,"Deanna Munoz",68,"OVER 59",VIP,2013-05-30,153,3,8223,6,6,27,2741.00,304.5556
6309,"Deborah Kumar",52,50-59,VIP,2013-06-29,152,2,6021,2,2,27,3010.50,223.0000
3192,"Derrick Martin",64,"OVER 59",VIP,2013-07-15,152,3,8301,5,5,27,2767.00,307.4444
6353,"Drew Goel",78,"OVER 59",VIP,2013-07-23,151,2,6021,2,2,27,3010.50,223.0000
3164,"Ebony Garcia",50,50-59,VIP,2013-12-04,147,3,6566,7,7,27,2188.67,243.1852
15641,"Eduardo Lopez",61,"OVER 59",Regular,2013-08-16,151,2,1288,5,5,27,644.00,47.7037
14717,"Edwin Gao",41,40-49,Regular,2013-11-17,148,2,1303,3,3,27,651.50,48.2593
98,"Edwin Nara",53,50-59,VIP,2013-07-24,151,3,8099,5,5,27,2699.67,299.9630
12114,"Elijah Powell",46,40-49,VIP,2013-12-03,147,2,5997,3,3,27,2998.50,222.1111
5,"Elizabeth Johnson",46,40-49,VIP,2013-05-01,154,3,8196,6,6,27,2732.00,303.5556
334,"Emily Miller",58,50-59,VIP,2013-07-14,152,3,8163,6,6,27,2721.00,302.3333
11977,"Eric Foster",42,40-49,VIP,2013-11-25,147,2,5971,3,3,27,2985.50,221.1481
14718,"Ernest Guo",42,40-49,Regular,2013-11-02,148,2,1274,3,3,27,637.00,47.1852
444,"Grace Griffin",44,40-49,VIP,2013-10-01,149,3,8235,8,8,27,2745.00,305.0000
14971,"Hailey James",56,50-59,Regular,2013-10-24,148,2,4604,4,4,27,2302.00,170.5185
11231,"Jordyn Bennett",63,"OVER 59",Regular,2013-09-25,149,2,4223,5,5,27,2111.50,156.4074
4059,"Julio Suarez",55,50-59,VIP,2013-12-04,147,3,6639,6,6,27,2213.00,245.8889
14986,"Justin Harris",57,50-59,Regular,2013-10-24,148,2,4659,5,5,27,2329.50,172.5556
1262,"Kaitlin Sanchez",59,50-59,VIP,2013-08-21,151,2,5973,5,5,27,2986.50,221.2222
3165,"Kari Smith",45,40-49,VIP,2013-12-05,147,3,6484,7,7,27,2161.33,240.1481
11902,"Katherine Stewart",56,50-59,VIP,2013-11-06,148,2,5971,3,3,27,2985.50,221.1481
3603,"Kaylee Kelly",51,50-59,Regular,2013-07-06,152,2,3150,6,6,27,1575.00,116.6667
17419,"Kelli Zhu",58,50-59,Regular,2013-09-22,149,2,4539,4,4,27,2269.50,168.1111
3847,"Kelsey Chande",40,40-49,VIP,2013-11-10,148,3,6744,7,7,27,2248.00,249.7778
473,"Kenneth Kumar",57,50-59,VIP,2013-10-26,148,3,8165,6,6,27,2721.67,302.4074
3582,"Kevin Adams",47,40-49,Regular,2013-07-01,152,2,1562,6,6,27,781.00,57.8519
3586,"Kimberly Torres",44,40-49,Regular,2013-07-23,151,2,3016,3,3,27,1508.00,111.7037
1396,"Kyle Carter",43,40-49,VIP,2013-09-24,149,2,5968,4,4,27,2984.00,221.0370
3581,"Kyle Diaz",48,40-49,Regular,2013-07-01,152,2,1468,2,2,27,734.00,54.3704
1218,"Kyle Roberts",59,50-59,VIP,2013-07-07,152,2,5873,2,2,27,2936.50,217.5185
101,"Latasha Navarro",60,"OVER 59",VIP,2013-08-07,151,3,8172,7,7,27,2724.00,302.6667
3611,"Lauren Jenkins",56,50-59,Regular,2013-07-26,151,2,1468,2,2,27,734.00,54.3704
7194,"Louis Yuan",44,40-49,Regular,2013-08-02,151,2,4145,4,4,27,2072.50,153.5185
3590,"Mackenzie Cook",49,40-49,Regular,2013-07-15,152,2,1468,2,2,27,734.00,54.3704
6729,"Maria Perry",42,40-49,Regular,2013-07-05,152,2,4729,5,5,27,2364.50,175.1481
3591,"Marissa Butler",48,40-49,Regular,2013-07-14,152,2,1597,5,5,27,798.50,59.1481
5526,"Martha Liang",42,40-49,Regular,2013-05-06,154,2,4752,3,3,27,2376.00,176.0000
1280,"Mathew Suarez",50,50-59,VIP,2013-08-13,151,2,5974,4,4,27,2987.00,221.2593
3775,"Max Ferrier",52,50-59,VIP,2013-12-07,147,3,6434,4,4,27,2144.67,238.2963
239,"Mayra Prasad",62,"OVER 59",VIP,2013-04-30,154,4,7543,9,9,27,1885.75,279.3704
12075,"Megan Flores",79,"OVER 59",VIP,2013-12-06,147,2,6021,4,4,27,3010.50,223.0000
3771,"Melvin Andersen",46,40-49,VIP,2013-10-11,149,3,6679,5,5,27,2226.33,247.3704
112,"Meredith Gutierrez",58,50-59,VIP,2013-08-22,150,3,8137,8,8,27,2712.33,301.3704
57,"Michele Nath",67,"OVER 59",VIP,2013-05-31,153,3,8207,8,8,27,2735.67,303.9630
6234,"Michele Raman",44,40-49,Regular,2013-07-03,152,2,4347,2,2,27,2173.50,161.0000
3862,"Misty Deng",43,40-49,VIP,2013-11-02,148,2,5977,5,5,27,2988.50,221.3704
7246,"Misty Goel",52,50-59,VIP,2013-08-23,150,2,6021,2,2,27,3010.50,223.0000
5521,"Misty Raji",43,40-49,Regular,2013-04-06,155,2,4727,4,4,27,2363.50,175.0741
14911,"Natalie Miller",41,40-49,Regular,2013-09-07,150,2,4624,3,3,27,2312.00,171.2593
6049,"Natasha Gutierrez",40,40-49,Regular,2013-05-20,154,2,4382,3,3,27,2191.00,162.2963
176,"Luis Wang",57,50-59,VIP,2013-11-03,148,3,6710,8,8,26,2236.67,258.0769
59,"Marc Diaz",60,"OVER 59",VIP,2013-06-04,153,3,8248,6,6,26,2749.33,317.2308
8,"Marco Mehta",56,50-59,VIP,2013-03-19,156,3,8211,8,8,26,2737.00,315.8077
18266,"Marissa Diaz",83,"OVER 59",Regular,2013-10-09,149,2,4320,2,2,26,2160.00,166.1538
11252,"Martha She",44,40-49,VIP,2013-08-24,150,2,5971,3,3,26,2985.50,229.6538
4090,"Martin Prasad",50,50-59,VIP,2013-12-12,147,2,5895,3,3,26,2947.50,226.7308
1481,"Meredith Alvarez",45,40-49,VIP,2013-09-25,149,2,5908,3,3,26,2954.00,227.2308
382,"Meredith Raman",55,50-59,VIP,2013-08-18,151,3,8161,5,5,26,2720.33,313.8846
18275,"Miguel Green",60,"OVER 59",Regular,2013-10-03,149,2,4479,3,3,26,2239.50,172.2692
3602,"Nicolas Rai",45,40-49,Regular,2013-07-11,152,2,3076,4,4,26,1538.00,118.3077
3618,"Aaron Flores",57,50-59,Regular,2013-07-13,152,2,1538,5,5,26,769.00,59.1538
102,"Abby Sai",55,50-59,VIP,2013-06-29,152,3,8262,7,7,26,2754.00,317.7692
100,"Adam Ross",59,50-59,VIP,2013-07-01,152,3,8216,9,8,26,2738.67,316.0000
921,"Adrienne Gomez",51,50-59,VIP,2013-12-11,147,3,8156,7,7,26,2718.67,313.6923
94,"Aimee He",47,40-49,VIP,2013-06-08,153,3,8180,7,7,26,2726.67,314.6154
1384,"Albert Gomez",47,40-49,VIP,2013-08-08,151,2,5898,2,2,26,2949.00,226.8462
7277,"Alexa Murphy",52,50-59,VIP,2013-08-30,150,2,6106,4,4,26,3053.00,234.8462
1484,"Amanda Perez",56,50-59,VIP,2013-09-15,150,2,5898,2,2,26,2949.00,226.8462
3652,"Amber Green",60,"OVER 59",Regular,2013-08-14,151,2,1588,4,4,26,794.00,61.0769
14956,"Anna Robinson",45,40-49,Regular,2013-09-06,150,2,4644,3,3,26,2322.00,178.6154
241,"Anne Hernandez",61,"OVER 59",VIP,2013-05-13,154,4,7586,13,10,26,1896.50,291.7692
352,"Anne Ramos",75,"OVER 59",VIP,2013-08-28,150,3,8068,5,5,26,2689.33,310.3077
5744,"Ariana Stewart",78,"OVER 59",VIP,2013-03-29,155,2,6070,5,5,26,3035.00,233.4615
8998,"Beth Gill",52,50-59,VIP,2013-10-30,148,2,5815,3,3,26,2907.50,223.6538
1286,"Bethany Chande",50,50-59,VIP,2013-08-14,151,2,5968,4,4,26,2984.00,229.5385
77,"Blake Anderson",63,"OVER 59",VIP,2013-06-21,153,3,8159,4,4,26,2719.67,313.8077
9043,"Brad Deng",46,40-49,Regular,2013-03-03,156,2,3150,3,3,26,1575.00,121.1538
947,"Brandy Saunders",69,"OVER 59",Regular,2013-12-22,146,3,4697,5,5,26,1565.67,180.6538
6047,"Preston Sai",51,50-59,Regular,2013-04-28,154,2,4467,4,4,26,2233.50,171.8077
945,"Rachael Rodriguez",69,"OVER 59",Regular,2013-12-20,147,3,4776,9,8,26,1592.00,183.6923
7256,"Rachel Griffin",49,40-49,VIP,2013-07-31,151,2,6067,5,5,26,3033.50,233.3462
6287,"Randall Rubio",48,40-49,VIP,2013-06-03,153,2,6029,3,3,26,3014.50,231.8846
14995,"Richard Garcia",43,40-49,Regular,2013-10-06,149,2,4626,5,5,26,2313.00,177.9231
246,"Ricky Vazquez",63,"OVER 59",VIP,2013-12-11,147,4,10580,9,9,26,2645.00,406.9231
18265,"Riley Brooks",84,"OVER 59",Regular,2013-10-05,149,2,4384,5,5,26,2192.00,168.6154
18262,"Robert Turner",85,"OVER 59",Regular,2013-10-13,149,2,4320,2,2,26,2160.00,166.1538
8455,"Roger Sharma",53,50-59,Regular,2013-12-26,146,3,4364,6,6,26,1454.67,167.8462
3653,"Russell Luo",59,50-59,Regular,2013-08-27,150,2,1527,4,4,26,763.50,58.7308
18240,"Samantha Miller",57,50-59,Regular,2013-09-22,149,2,4343,5,5,26,2171.50,167.0385
5524,"Sandra Huang",41,40-49,Regular,2013-04-06,155,2,4698,2,2,26,2349.00,180.6923
3648,"Sean Howard",53,50-59,Regular,2013-08-23,150,2,1588,4,4,26,794.00,61.0769
1521,"Seth Jackson",43,40-49,VIP,2013-10-12,149,2,5919,4,4,26,2959.50,227.6538
8439,"Shannon Hu",45,40-49,Regular,2013-12-02,147,3,4338,7,7,26,1446.00,166.8462
6057,"Shaun Lal",51,50-59,Regular,2013-05-22,153,2,4417,3,3,26,2208.50,169.8846
262,"Stephanie Collins",55,50-59,VIP,2013-12-23,146,3,6650,4,4,26,2216.67,255.7692
5713,"Suzanne Lu",63,"OVER 59",Regular,2013-04-15,155,2,4417,3,3,26,2208.50,169.8846
18276,"Taylor Thomas",67,"OVER 59",Regular,2013-09-30,149,2,4329,3,3,26,2164.50,166.5000
4084,"Teresa Gutierrez",51,50-59,VIP,2013-11-29,147,2,5888,4,4,26,2944.00,226.4615
14719,"Terrance Martinez",43,40-49,Regular,2013-11-11,148,2,1274,3,3,26,637.00,49.0000
7278,"Terry Lal",58,50-59,VIP,2013-09-07,150,2,6070,5,5,26,3035.00,233.4615
10940,"Thomas Roberts",56,50-59,Regular,2013-04-09,155,2,4163,4,4,26,2081.50,160.1154
5522,"Tonya She",41,40-49,Regular,2013-04-01,155,2,4698,2,2,26,2349.00,180.6923
17421,"Tracy Chapman",58,50-59,Regular,2013-10-13,149,2,4534,4,4,26,2267.00,174.3846
6080,"Tracy Rai",57,50-59,Regular,2013-06-10,153,2,4417,3,3,26,2208.50,169.8846
5516,"Troy Sai",40,40-49,Regular,2013-03-18,156,2,4733,3,3,26,2366.50,182.0385
1486,"Veronica Subram",50,50-59,VIP,2013-09-23,149,2,5923,6,6,26,2961.50,227.8077
930,"Virginia Gonzalez",63,"OVER 59",Regular,2013-12-17,147,3,4965,8,7,26,1655.00,190.9615
920,"Warren Andersen",56,50-59,VIP,2013-12-21,147,3,8172,8,8,26,2724.00,314.3077
1469,"Wayne Nath",47,40-49,VIP,2013-09-17,150,2,5875,3,3,26,2937.50,225.9615
6056,"Willie She",39,30-39,Regular,2013-05-20,154,2,4347,2,2,26,2173.50,167.1923
11878,"Xavier Griffin",53,50-59,VIP,2013-10-10,149,2,5962,2,2,26,2981.00,229.3077
18239,"Xavier Powell",57,50-59,Regular,2013-09-17,150,2,4398,5,5,26,2199.00,169.1538
5520,"Yolanda Chander",44,40-49,Regular,2013-04-09,155,2,4752,3,3,26,2376.00,182.7692
14925,"Hannah Robinson",41,40-49,VIP,2013-07-24,151,2,5819,3,3,26,2909.50,223.8077
14988,"Hunter Kumar",47,40-49,Regular,2013-10-24,148,2,4640,3,3,26,2320.00,178.4615
14985,"Isabella Wright",56,50-59,Regular,2013-09-30,149,2,4625,3,3,26,2312.50,177.8846
4454,"Isabelle Barnes",56,50-59,VIP,2013-12-14,147,3,6650,4,4,26,2216.67,255.7692
17663,"Isaiah Murphy",49,40-49,Regular,2013-07-09,152,2,4827,4,4,26,2413.50,185.6538
931,"Jaclyn Nara",73,"OVER 59",VIP,2013-12-16,147,3,5035,5,5,26,1678.33,193.6538
6330,"Jasmine Wilson",57,50-59,VIP,2013-06-03,153,2,6021,2,2,26,3010.50,231.5769
948,"Jenny Zheng",68,"OVER 59",Regular,2013-12-27,146,3,4747,6,6,26,1582.33,182.5769
3640,"Jeremiah Howard",60,"OVER 59",Regular,2013-07-15,152,2,1547,4,4,26,773.50,59.5000
345,"Jessie Jimenez",63,"OVER 59",VIP,2013-07-23,151,3,8119,7,7,26,2706.33,312.2692
6052,"Jessie Ortega",52,50-59,VIP,2013-04-27,154,2,6060,5,5,26,3030.00,233.0769
4441,"Jon Pal",46,40-49,VIP,2013-12-25,146,3,6736,8,8,26,2245.33,259.0769
3714,"Jon Ye",50,50-59,VIP,2013-12-04,147,3,6461,7,7,26,2153.67,248.5000
172,"Jonathan Hill",47,40-49,VIP,2013-11-07,148,3,6716,8,8,26,2238.67,258.3077
5518,"Katrina Raji",44,40-49,Regular,2013-03-22,155,2,4698,2,2,26,2349.00,180.6923
1291,"Kaylee Morris",52,50-59,VIP,2013-08-04,151,2,5873,2,2,26,2936.50,225.8846
4622,"Kelli Wu",46,40-49,VIP,2013-12-24,146,2,5977,4,4,26,2988.50,229.8846
5709,"Kellie Sanz",50,50-59,Regular,2013-04-25,154,2,4406,4,4,26,2203.00,169.4615
6048,"Kendra Rubio",45,40-49,Regular,2013-04-02,155,2,4347,2,2,26,2173.50,167.1923
192,"Kristi Perez",74,"OVER 59",VIP,2013-11-06,148,3,6743,7,7,26,2247.67,259.3462
5519,"Krystal Holt",44,40-49,Regular,2013-03-26,155,2,4698,2,2,26,2349.00,180.6923
6050,"Krystal Lu",51,50-59,Regular,2013-05-17,154,2,4347,2,2,26,2173.50,167.1923
18256,"Kyle Washington",65,"OVER 59",Regular,2013-09-11,150,2,4389,5,5,26,2194.50,168.8077
247,"Latasha Rubio",63,"OVER 59",VIP,2013-12-20,147,4,10575,7,7,26,2643.75,406.7308
751,"Latoya She",41,40-49,VIP,2013-10-01,149,3,8148,6,6,26,2716.00,313.3846
6735,"Leah Sun",42,40-49,Regular,2013-07-02,152,2,4698,2,2,26,2349.00,180.6923
4620,"Levi Subram",47,40-49,VIP,2013-12-18,147,2,5908,3,3,26,2954.00,227.2308
757,"Linda Ortega",52,50-59,VIP,2013-10-25,148,3,8078,6,6,26,2692.67,310.6923
11115,"Lucas Martin",67,"OVER 59",Regular,2013-05-30,153,2,4183,5,5,26,2091.50,160.8846
11766,"Luis Collins",71,"OVER 59",VIP,2013-09-10,150,2,5978,5,5,26,2989.00,229.9231
6731,"Bridget Tang",41,40-49,Regular,2013-07-03,152,2,4751,5,5,26,2375.50,182.7308
6354,"Bruce Navarro",77,"OVER 59",VIP,2013-07-10,152,2,6035,4,4,26,3017.50,232.1154
58,"Carl Andersen",55,50-59,VIP,2013-05-21,154,3,8088,4,4,26,2696.00,311.0769
73,"Casey Luo",65,"OVER 59",VIP,2013-06-15,153,3,8194,7,7,26,2731.33,315.1538
96,"Chad Kumar",58,50-59,VIP,2013-06-25,152,3,8158,7,7,26,2719.33,313.7692
3600,"Charles Wilson",51,50-59,Regular,2013-07-08,152,2,3054,3,3,26,1527.00,117.4615
93,"Cheryl Diaz",53,50-59,VIP,2013-06-21,153,3,8110,5,5,26,2703.33,311.9231
17420,"Cheryl Suarez",58,50-59,Regular,2013-09-15,150,2,4564,4,4,26,2282.00,175.5385
238,"Clarence Anand",61,"OVER 59",VIP,2013-11-25,147,4,10566,6,6,26,2641.50,406.3846
7011,"Clarence Jai",49,40-49,Regular,2013-10-23,148,2,2485,4,4,26,1242.50,95.5769
3162,"Claudia Li",51,50-59,VIP,2013-11-03,148,3,6497,7,7,26,2165.67,249.8846
6286,"Clayton Deng",52,50-59,VIP,2013-06-11,153,2,6093,5,5,26,3046.50,234.3462
6051,"Cristina Xie",49,40-49,Regular,2013-05-14,154,2,4495,5,5,26,2247.50,172.8846
12,"Curtis Lu",56,50-59,VIP,2013-03-19,156,3,8133,4,4,26,2711.00,312.8077
81,"Damien Chander",61,"OVER 59",VIP,2013-06-23,152,3,8204,7,7,26,2734.67,315.5385
1619,"Dawn Lal",51,50-59,VIP,2013-11-14,148,2,5923,5,5,26,2961.50,227.8077
7010,"Deanna Prasad",55,50-59,Regular,2013-09-29,149,2,2435,3,3,26,1217.50,93.6538
7009,"Deanna Sai",55,50-59,Regular,2013-10-06,149,2,2459,4,4,26,1229.50,94.5769
6046,"Derek Goel",45,40-49,Regular,2013-04-20,155,2,4480,5,5,26,2240.00,172.3077
4621,"Dominique Subram",47,40-49,VIP,2013-12-07,147,2,5959,6,6,26,2979.50,229.1923
1550,"Donna Xie",65,"OVER 59",VIP,2013-10-21,149,2,5908,3,3,26,2954.00,227.2308
423,"Dustin Deng",74,"OVER 59",VIP,2013-11-03,148,4,7075,10,10,26,1768.75,272.1154
15006,"Elizabeth Clark",59,50-59,Regular,2013-11-28,147,2,4624,3,3,26,2312.00,177.8462
3644,"Eric Simmons",53,50-59,Regular,2013-08-20,151,2,1612,5,5,26,806.00,62.0000
3828,"Ernest Xu",41,40-49,Regular,2013-12-11,147,2,4467,4,4,26,2233.50,171.8077
14997,"Faith Murphy",59,50-59,Regular,2013-10-28,148,2,4599,3,3,26,2299.50,176.8846
7012,"Frank Gomez",55,50-59,Regular,2013-10-17,149,2,2590,6,6,26,1295.00,99.6154
11374,"Gabrielle Bell",46,40-49,VIP,2013-08-31,150,2,5976,4,4,26,2988.00,229.8462
943,"George Gonzalez",71,"OVER 59",Regular,2013-12-19,147,3,4827,8,6,26,1609.00,185.6538
3614,"Glenn Huang",46,40-49,Regular,2013-07-07,152,2,1601,5,5,26,800.50,61.5769
15004,"Denise Subram",52,50-59,Regular,2013-11-04,148,2,4648,5,5,25,2324.00,185.9200
5708,"Derrick Serrano",62,"OVER 59",Regular,2013-04-06,155,2,4377,3,3,25,2188.50,175.0800
3615,"Dylan Bryant",47,40-49,Regular,2013-07-18,152,2,1645,6,6,25,822.50,65.8000
3647,"Dylan Garcia",48,40-49,Regular,2013-08-02,151,2,1538,5,5,25,769.00,61.5200
14976,"Ebony Gutierrez",57,50-59,VIP,2013-07-16,152,2,5807,5,5,25,2903.50,232.2800
3835,"Ebony Jimenez",42,40-49,Regular,2013-12-09,147,2,4397,3,3,25,2198.50,175.8800
105,"Edgar Sara",51,50-59,VIP,2013-06-15,153,3,8173,6,6,25,2724.33,326.9200
6371,"Edwin Chander",76,"OVER 59",Regular,2013-06-11,153,2,4742,4,4,25,2371.00,189.6800
3617,"Emma Sandberg",52,50-59,Regular,2013-07-07,152,2,1538,3,3,25,769.00,61.5200
18237,"Eric Young",57,50-59,Regular,2013-08-26,150,2,4329,3,3,25,2164.50,173.1600
13343,"Evan Campbell",59,50-59,Regular,2013-12-11,147,2,4828,3,3,25,2414.00,193.1200
18223,"Evan Perez",50,50-59,Regular,2013-08-17,151,2,4374,3,3,25,2187.00,174.9600
4615,"Faith Simmons",45,40-49,VIP,2013-12-09,147,2,6059,9,9,25,3029.50,242.3600
76,"Felicia Jimenez",62,"OVER 59",VIP,2013-06-24,152,3,8068,5,5,25,2689.33,322.7200
8440,"Franklin Xu",51,50-59,Regular,2013-12-02,147,3,4350,7,7,25,1450.00,174.0000
992,"Frederick Martinez",58,50-59,VIP,2013-12-19,147,3,8128,6,6,25,2709.33,325.1200
13311,"Gabrielle Peterson",46,40-49,Regular,2013-12-27,146,2,4829,5,5,25,2414.50,193.1600
3650,"Grace Cox",48,40-49,Regular,2013-08-02,151,2,1601,5,5,25,800.50,64.0400
18280,"Hailey Turner",67,"OVER 59",Regular,2013-10-14,149,2,4397,6,6,25,2198.50,175.8800
5483,"Tabitha Arthur",70,"OVER 59",Regular,2013-02-20,157,2,4783,4,4,25,2391.50,191.3200
1475,"Tammy Chandra",48,40-49,VIP,2013-09-10,150,2,5928,3,3,25,2964.00,237.1200
8454,"Veronica Rana",47,40-49,Regular,2013-12-14,147,3,4268,7,7,25,1422.67,170.7200
71,"Willie Raji",65,"OVER 59",VIP,2013-06-26,152,3,8165,10,9,25,2721.67,326.6000
3801,"Abby Arthur",55,50-59,Regular,2013-10-29,148,2,4390,5,5,25,2195.00,175.6000
1850,"Adam Baker",52,50-59,VIP,2013-12-22,146,2,5888,4,4,25,2944.00,235.5200
3651,"Adam Perry",59,50-59,Regular,2013-08-20,151,2,1538,3,3,25,769.00,61.5200
17581,"Aimee Liu",49,40-49,Regular,2013-06-09,153,2,4793,2,2,25,2396.50,191.7200
5742,"Alan Xu",80,"OVER 59",VIP,2013-03-20,156,2,6056,3,3,25,3028.00,242.2400
18253,"Alex Parker",59,50-59,Regular,2013-09-27,149,2,4389,5,5,25,2194.50,175.5600
10742,"Alexa Sanders",53,50-59,Regular,2013-03-02,156,2,4127,3,3,25,2063.50,165.0800
11269,"Alexandra Barnes",50,50-59,VIP,2013-08-26,150,2,6031,5,5,25,3015.50,241.2400
3635,"Amber Baker",58,50-59,Regular,2013-07-26,151,2,1538,3,3,25,769.00,61.5200
3728,"Anna Bryant",48,40-49,Regular,2013-08-13,151,2,1562,4,4,25,781.00,62.4800
118,"April Deng",59,50-59,VIP,2013-06-25,152,3,8185,8,8,25,2728.33,327.4000
15005,"Arthur Washington",59,50-59,Regular,2013-11-03,148,2,4699,5,5,25,2349.50,187.9600
2505,"Beth Alonso",64,"OVER 59",VIP,2013-12-18,147,2,5923,5,5,25,2961.50,236.9200
108,"Bianca Lin",50,50-59,VIP,2013-06-21,153,3,8171,6,6,25,2723.67,326.8400
18243,"Blake Thomas",57,50-59,Regular,2013-09-09,150,2,4355,3,3,25,2177.50,174.2000
1548,"Bradley Nara",47,40-49,VIP,2013-10-01,149,2,5898,2,2,25,2949.00,235.9200
14892,"Brandon Johnson",70,"OVER 59",VIP,2013-06-12,153,2,5759,2,2,25,2879.50,230.3600
1523,"Brandy Sanchez",44,40-49,VIP,2013-10-11,149,2,5888,4,4,25,2944.00,235.5200
11183,"Madeline Parker",44,40-49,VIP,2013-06-28,152,2,6006,4,4,25,3003.00,240.2400
11253,"Makayla Brooks",50,50-59,VIP,2013-07-31,151,2,6047,4,4,25,3023.50,241.8800
18259,"Makayla James",65,"OVER 59",Regular,2013-09-27,149,2,4329,3,3,25,2164.50,173.1600
5515,"Manuel Fernandez",40,40-49,Regular,2013-02-10,157,2,4761,4,4,25,2380.50,190.4400
14974,"Mariah Griffin",57,50-59,VIP,2013-07-09,152,2,5793,3,3,25,2896.50,231.7200
14904,"Marshall Rai",68,"OVER 59",VIP,2013-06-05,153,2,5773,4,4,25,2886.50,230.9200
11129,"Melissa Perry",82,"OVER 59",Regular,2013-07-25,151,2,4142,5,5,25,2071.00,165.6800
5517,"Melvin She",40,40-49,Regular,2013-03-13,156,2,4733,3,3,25,2366.50,189.3200
7190,"Nancy Mehta",43,40-49,Regular,2013-05-26,153,2,4118,2,2,25,2059.00,164.7200
3824,"Nelson Harrison",56,50-59,Regular,2013-11-27,147,2,4392,4,4,25,2196.00,175.6800
15002,"Nicholas Lee",53,50-59,Regular,2013-11-07,148,2,4673,5,5,25,2336.50,186.9200
14975,"Noah Jai",51,50-59,VIP,2013-07-20,152,2,5819,3,3,25,2909.50,232.7600
898,"Orlando Ashe",51,50-59,VIP,2013-10-14,149,3,8203,6,5,25,2734.33,328.1200
9570,"Patricia Patel",68,"OVER 59",Regular,2013-12-13,147,2,3114,5,5,25,1557.00,124.5600
6479,"Renee Martin",72,"OVER 59",Regular,2013-06-06,153,2,4757,4,4,25,2378.50,190.2800
14999,"Richard Rivera",59,50-59,Regular,2013-11-02,148,2,4650,3,3,25,2325.00,186.0000
3802,"Riley Simmons",56,50-59,Regular,2013-11-10,148,2,4382,4,4,25,2191.00,175.2800
9,"Rob Verhoff",50,50-59,VIP,2013-03-02,156,3,8106,7,7,25,2702.00,324.2400
994,"Rosa Wang",48,40-49,VIP,2013-12-23,146,3,8131,7,7,25,2710.33,325.2400
125,"Ross Jordan",57,50-59,VIP,2013-06-18,153,3,8129,6,6,25,2709.67,325.1600
110,"Ruben Kapoor",45,40-49,VIP,2013-06-24,152,3,8245,8,8,25,2748.33,329.8000
3,"Ruben Torres",55,50-59,VIP,2013-02-23,156,3,8114,4,4,25,2704.67,324.5600
1831,"Russell Raje",55,50-59,VIP,2013-12-27,146,2,5915,5,5,25,2957.50,236.6000
15003,"Samuel Walker",52,50-59,Regular,2013-11-03,148,2,4699,5,5,25,2349.50,187.9600
8875,"Sara Rogers",59,50-59,Regular,2013-07-09,152,2,4544,5,5,25,2272.00,181.7600
8477,"Sarah Anderson",48,40-49,Regular,2013-12-09,147,3,4347,7,7,25,1449.00,173.8800
902,"Stacy Alvarez",52,50-59,VIP,2013-11-09,148,3,8248,7,6,25,2749.33,329.9200
3773,"Stacy Torres",51,50-59,Regular,2013-10-24,148,2,4379,4,4,25,2189.50,175.1600
6065,"Stephanie Gray",48,40-49,Regular,2013-05-11,154,2,4506,3,3,25,2253.00,180.2400
3798,"Steve Gao",50,50-59,Regular,2013-10-25,148,2,4397,3,3,25,2198.50,175.8800
1524,"Steve Wagner",43,40-49,VIP,2013-10-25,148,2,5933,3,3,25,2966.50,237.3200
14944,"Brianna McDonald",41,40-49,VIP,2013-07-12,152,2,5808,5,5,25,2904.00,232.3200
3161,"Brittney Hu",51,50-59,VIP,2013-10-09,149,3,6679,8,8,25,2226.33,267.1600
6727,"Caroline Griffin",40,40-49,Regular,2013-06-03,153,2,4721,5,5,25,2360.50,188.8400
70,"Carolyn Navarro",59,50-59,VIP,2013-06-04,153,3,8104,3,3,25,2701.33,324.1600
354,"Carrie Ortega",79,"OVER 59",VIP,2013-08-08,151,3,8078,6,6,25,2692.67,323.1200
104,"Cassie Chande",44,40-49,VIP,2013-06-06,153,3,8182,8,8,25,2727.33,327.2800
15051,"Clarence Ye",64,"OVER 59",Regular,2013-11-17,148,2,4625,3,3,25,2312.50,185.0000
5697,"Claudia Zeng",55,50-59,Regular,2013-03-07,156,2,4506,3,3,25,2253.00,180.2400
3796,"Crystal Gao",54,50-59,Regular,2013-10-13,149,2,4379,4,4,25,2189.50,175.1600
14920,"Dana Ramos",68,"OVER 59",Regular,2013-11-28,147,2,1248,3,3,25,624.00,49.9200
3820,"Dana Ruiz",56,50-59,Regular,2013-11-21,148,2,4355,3,3,25,2177.50,174.2000
6726,"Daniel Martinez",39,30-39,Regular,2013-06-13,153,2,4698,2,2,25,2349.00,187.9200
3839,"Darren Alvarez",43,40-49,Regular,2013-12-24,146,2,4414,5,5,25,2207.00,176.5600
944,"Dawn Huang",71,"OVER 59",Regular,2013-12-13,147,3,4734,7,7,25,1578.00,189.3600
14994,"Heidi Chandra",48,40-49,Regular,2013-10-03,149,2,4648,5,5,25,2324.00,185.9200
14977,"Hunter Coleman",52,50-59,VIP,2013-07-24,151,2,5759,2,2,25,2879.50,230.3600
415,"Ian Richardson",66,"OVER 59",VIP,2013-09-15,150,4,7191,10,10,25,1797.75,287.6400
1374,"Isaac Gray",40,40-49,Regular,2013-08-17,151,2,3593,3,3,25,1796.50,143.7200
3646,"Isaac Kelly",53,50-59,Regular,2013-08-17,151,2,1538,3,3,25,769.00,61.5200
14987,"Isabel Bryant",57,50-59,Regular,2013-10-04,149,2,4625,3,3,25,2312.50,185.0000
1805,"Jaclyn Chander",52,50-59,VIP,2013-11-23,147,2,5948,5,5,25,2974.00,237.9200
1867,"Janelle Fernandez",45,40-49,VIP,2013-12-14,147,2,5883,3,3,25,2941.50,235.3200
1465,"Jared Cook",52,50-59,VIP,2013-09-13,150,2,5898,2,2,25,2949.00,235.9200
3823,"Jessica Martin",56,50-59,Regular,2013-11-23,147,2,4397,3,3,25,2198.50,175.8800
14973,"Jocelyn Henderson",57,50-59,VIP,2013-07-21,152,2,5781,5,5,25,2890.50,231.2400
1614,"Joel Prasad",44,40-49,VIP,2013-10-08,149,2,5984,4,4,25,2992.00,239.3600
109,"Kari Alvarez",57,50-59,VIP,2013-06-23,152,3,8124,5,5,25,2708.00,324.9600
11235,"Katherine Gonzalez",48,40-49,VIP,2013-07-12,152,2,5976,4,4,25,2988.00,239.0400
14998,"Katherine Wright",58,50-59,Regular,2013-10-26,148,2,4624,3,3,25,2312.00,184.9600
919,"Kaylee Hill",56,50-59,VIP,2013-11-25,147,3,8205,8,8,25,2735.00,328.2000
7039,"Kelli Kumar",45,40-49,Regular,2013-10-07,149,2,2435,3,3,25,1217.50,97.4000
3637,"Kelly Powell",60,"OVER 59",Regular,2013-07-10,152,2,1538,3,3,25,769.00,61.5200
996,"Kelvin Carson",60,"OVER 59",VIP,2013-12-10,147,3,8249,7,7,25,2749.67,329.9600
5746,"Krista Moreno",77,"OVER 59",VIP,2013-03-21,156,2,6021,2,2,25,3010.50,240.8400
1615,"Lance Gill",50,50-59,VIP,2013-10-21,149,2,5918,4,4,25,2959.00,236.7200
5702,"Laura Zheng",46,40-49,Regular,2013-03-20,156,2,4426,4,4,25,2213.00,177.0400
78,"Leah Ye",63,"OVER 59",VIP,2013-06-12,153,3,8169,5,5,25,2723.00,326.7600
14902,"Lucas Harris",67,"OVER 59",VIP,2013-06-05,153,2,5793,3,3,25,2896.50,231.7200
8989,"Jordan Long",43,40-49,Regular,2013-08-15,151,2,4555,3,3,24,2277.50,189.7917
14963,"Jordyn Jenkins",42,40-49,VIP,2013-07-07,152,2,5819,3,3,24,2909.50,242.4583
12593,"Joseph Jackson",57,50-59,VIP,2013-10-09,149,2,5279,2,2,24,2639.50,219.9583
3138,"Joy Ruiz",76,"OVER 59",Regular,2013-06-29,152,2,4397,3,3,24,2198.50,183.2083
446,"Kari Kim",46,40-49,VIP,2013-06-28,152,3,8098,5,5,24,2699.33,337.4167
14828,"Karla Nara",49,40-49,Regular,2013-09-23,149,2,1873,3,3,24,936.50,78.0417
1835,"Kelsey Xie",51,50-59,VIP,2013-12-02,147,2,5898,2,2,24,2949.00,245.7500
2843,"Kenneth Xie",40,40-49,Regular,2013-06-21,153,2,4404,4,4,24,2202.00,183.5000
5676,"Kristi Arthur",55,50-59,Regular,2013-02-16,157,2,4384,5,5,24,2192.00,182.6667
449,"Kyle Patterson",45,40-49,VIP,2013-06-21,153,3,8132,7,7,24,2710.67,338.8333
5745,"Lacey Guo",78,"OVER 59",VIP,2013-03-08,156,2,6070,5,5,24,3035.00,252.9167
6516,"Lacey Li",51,50-59,Regular,2013-04-28,154,2,4143,2,2,24,2071.50,172.6250
14927,"Larry Gutierrez",66,"OVER 59",Regular,2013-11-17,148,2,1308,5,5,24,654.00,54.5000
463,"Laura Lin",48,40-49,VIP,2013-07-25,151,3,8116,5,5,24,2705.33,338.1667
7040,"Logan Clark",44,40-49,Regular,2013-10-02,149,2,2450,3,3,24,1225.00,102.0833
14831,"Louis Nath",50,50-59,Regular,2013-09-21,150,2,1833,4,4,24,916.50,76.3750
4658,"Marcus Hayes",60,"OVER 59",VIP,2013-11-27,147,3,5250,10,10,24,1750.00,218.7500
3148,"Marcus Rivera",62,"OVER 59",Regular,2013-08-07,151,2,4397,3,3,24,2198.50,183.2083
14929,"Mario Sharma",72,"OVER 59",Regular,2013-11-04,148,2,1316,6,6,24,658.00,54.8333
3751,"Mary Green",63,"OVER 59",Regular,2013-09-22,149,2,1612,5,5,24,806.00,67.1667
18226,"Matthew Lee",58,50-59,Regular,2013-08-15,151,2,4320,2,2,24,2160.00,180.0000
1621,"Maurice Lal",51,50-59,VIP,2013-09-26,149,3,6480,7,7,24,2160.00,270.0000
3141,"Meagan Sai",59,50-59,Regular,2013-07-03,152,2,4397,3,3,24,2198.50,183.2083
4663,"Megan Richardson",60,"OVER 59",VIP,2013-12-11,147,3,5253,8,8,24,1751.00,218.8750
414,"Megan Stewart",66,"OVER 59",VIP,2013-09-05,150,4,7190,11,10,24,1797.50,299.5833
13285,"Melissa Sanders",45,40-49,Regular,2013-11-07,148,2,4837,6,6,24,2418.50,201.5417
3825,"Miguel Baker",51,50-59,Regular,2013-11-09,148,2,4441,4,4,24,2220.50,185.0417
14980,"Miguel Edwards",52,50-59,VIP,2013-07-12,152,2,5784,2,2,24,2892.00,241.0000
1750,"Miguel Lee",49,40-49,VIP,2013-11-03,148,2,5915,5,5,24,2957.50,246.4583
5743,"Mitchell Pal",79,"OVER 59",VIP,2013-03-14,156,2,6044,5,5,24,3022.00,251.8333
1012,"Morgan Johnson",85,"OVER 59",Regular,2013-12-15,147,3,4736,6,6,24,1578.67,197.3333
14979,"Morgan Perez",94,"OVER 59",VIP,2013-07-21,152,2,5813,3,3,24,2906.50,242.2083
14827,"Nathaniel Watson",48,40-49,Regular,2013-09-16,150,2,1854,3,3,24,927.00,77.2500
9568,"Nicolas Anand",64,"OVER 59",Regular,2013-12-01,147,2,3074,3,3,24,1537.00,128.0833
15015,"Olivia Torres",62,"OVER 59",Regular,2013-11-12,148,2,4714,4,4,24,2357.00,196.4167
1844,"Summer Smith",55,50-59,VIP,2013-12-04,147,2,6018,3,3,24,3009.00,250.7500
1608,"Tamara Zhu",59,50-59,VIP,2013-09-11,150,3,6489,7,7,24,2163.00,270.3750
6280,"Tanya Alvarez",52,50-59,VIP,2013-04-10,155,2,6021,2,2,24,3010.50,250.8750
1751,"Teresa Vazquez",50,50-59,VIP,2013-10-28,148,3,6492,6,6,24,2164.00,270.5000
7047,"Terry Jai",47,40-49,Regular,2013-10-07,149,2,2435,3,3,24,1217.50,101.4583
9053,"Theodore Ruiz",48,40-49,Regular,2013-03-19,156,2,3214,5,5,24,1607.00,133.9167
14928,"Tiffany Guo",71,"OVER 59",Regular,2013-11-15,148,2,1272,5,5,24,636.00,53.0000
445,"Tina Mehta",44,40-49,VIP,2013-06-02,153,3,8136,5,5,24,2712.00,339.0000
993,"Tonya Chande",53,50-59,VIP,2013-12-11,147,3,8123,5,5,24,2707.67,338.4583
1562,"Trisha Lin",79,"OVER 59",VIP,2013-10-13,149,2,5888,4,4,24,2944.00,245.3333
3654,"Troy Fernandez",61,"OVER 59",Regular,2013-08-05,151,2,1547,4,4,24,773.50,64.4583
752,"Victoria Gonzales",50,50-59,VIP,2013-07-17,152,3,8215,6,6,24,2738.33,342.2917
18049,"William Harris",46,40-49,Regular,2013-06-21,153,2,4355,3,3,24,2177.50,181.4583
9035,"Wyatt Turner",51,50-59,VIP,2013-11-22,147,2,5770,5,5,24,2885.00,240.4167
11234,"Xavier Martin",48,40-49,VIP,2013-06-14,153,2,5997,3,3,24,2998.50,249.8750
1842,"Yolanda Xie",49,40-49,VIP,2013-12-18,147,2,5933,3,3,24,2966.50,247.2083
3727,"Zachary Yang",54,50-59,Regular,2013-08-21,151,2,1483,4,4,24,741.50,61.7917
6281,"Deanna Mehta",46,40-49,VIP,2013-04-03,155,2,6089,5,5,24,3044.50,253.7083
14937,"Deanna Schmidt",65,"OVER 59",Regular,2013-11-26,147,2,1248,3,3,24,624.00,52.0000
18169,"Derrick Romero",50,50-59,Regular,2013-07-23,151,2,4343,5,5,24,2171.50,180.9583
2837,"Dominic Sara",44,40-49,Regular,2013-06-24,152,2,4379,4,4,24,2189.50,182.4583
3150,"Donald Srini",48,40-49,Regular,2013-08-23,150,2,4417,3,3,24,2208.50,184.0417
3542,"Douglas Kapoor",62,"OVER 59",Regular,2013-09-19,150,2,4397,3,3,24,2198.50,183.2083
5741,"Elijah Li",79,"OVER 59",VIP,2013-02-14,157,2,6099,5,5,24,3049.50,254.1250
3745,"Elijah Yang",65,"OVER 59",Regular,2013-09-21,150,2,1505,5,5,24,752.50,62.7083
3729,"Elizabeth Henderson",43,40-49,Regular,2013-08-23,150,2,1562,4,4,24,781.00,65.0833
3742,"Emma Cooper",66,"OVER 59",Regular,2013-09-19,150,2,1588,4,4,24,794.00,66.1667
3649,"Eric Evans",92,"OVER 59",Regular,2013-07-02,152,2,3024,4,4,24,1512.00,126.0000
2512,"Ernest Liu",79,"OVER 59",VIP,2013-12-16,147,2,6012,5,5,24,3006.00,250.5000
13310,"Ethan Williams",46,40-49,Regular,2013-12-05,147,2,4793,2,2,24,2396.50,199.7083
15017,"Fernando King",62,"OVER 59",Regular,2013-11-11,148,2,4683,6,6,24,2341.50,195.1250
401,"Franklin Raji",45,40-49,VIP,2013-07-19,152,3,6968,8,7,24,2322.67,290.3333
15016,"Gabriel Chow",62,"OVER 59",Regular,2013-10-29,148,2,4615,2,2,24,2307.50,192.2917
7138,"Gabriel Kumar",65,"OVER 59",Regular,2013-09-08,150,2,3043,5,5,24,1521.50,126.7917
3884,"Gabrielle Barnes",62,"OVER 59",Regular,2013-11-07,148,2,1828,3,3,24,914.00,76.1667
3661,"Gabrielle Howard",57,50-59,Regular,2013-08-10,151,2,1588,4,4,24,794.00,66.1667
395,"George McDonald",50,50-59,VIP,2013-08-02,151,3,8162,7,7,24,2720.67,340.0833
4654,"Gerald Madan",48,40-49,VIP,2013-11-18,148,3,5203,8,8,24,1734.33,216.7917
13333,"Abigail Thompson",57,50-59,Regular,2013-12-05,147,2,4816,5,5,24,2408.00,200.6667
483,"Adrienne Torres",48,40-49,VIP,2013-09-10,150,3,8143,5,5,24,2714.33,339.2917
3748,"Aidan Wood",59,50-59,Regular,2013-09-28,149,2,1503,3,3,24,751.50,62.6250
13758,"Alisha She",57,50-59,Regular,2013-12-28,146,2,4343,5,5,24,2171.50,180.9583
18012,"Allison Roberts",70,"OVER 59",Regular,2013-06-22,152,2,4334,4,4,24,2167.00,180.5833
450,"Alvin Hu",45,40-49,VIP,2013-06-24,152,3,8130,7,7,24,2710.00,338.7500
3880,"Andrea Richardson",53,50-59,Regular,2013-10-21,149,2,1612,5,5,24,806.00,67.1667
1333,"Andres Nara",72,"OVER 59",VIP,2013-06-24,152,4,10789,10,10,24,2697.25,449.5417
18224,"Angel Phillips",64,"OVER 59",Regular,2013-08-08,151,2,4355,3,3,24,2177.50,181.4583
4661,"April Jai",61,"OVER 59",VIP,2013-12-25,146,3,5168,7,7,24,1722.67,215.3333
14936,"April Tang",71,"OVER 59",Regular,2013-11-28,147,2,1256,4,4,24,628.00,52.3333
3869,"Ariana Morgan",45,40-49,Regular,2013-10-27,148,2,1597,5,5,24,798.50,66.5417
447,"Bethany Chander",46,40-49,VIP,2013-06-21,153,3,8237,7,6,24,2745.67,343.2083
1718,"Hannah Wood",46,40-49,VIP,2013-11-06,148,2,5883,3,3,24,2941.50,245.1250
1712,"Heather Zheng",47,40-49,VIP,2013-11-04,148,2,5963,4,4,24,2981.50,248.4583
3663,"Jack Ross",62,"OVER 59",Regular,2013-08-11,151,2,1602,4,4,24,801.00,66.7500
11122,"Jackson Henderson",68,"OVER 59",VIP,2013-05-28,153,2,5997,3,3,24,2998.50,249.8750
469,"Jaclyn Andersen",45,40-49,VIP,2013-08-21,151,3,6960,4,4,24,2320.00,290.0000
8885,"James Simmons",63,"OVER 59",Regular,2013-07-24,151,2,4588,5,5,24,2294.00,191.1667
755,"Janet Ortega",50,50-59,VIP,2013-07-30,151,3,8163,5,5,24,2721.00,340.1250
3889,"Jasmine Russell",60,"OVER 59",Regular,2013-12-06,147,2,1897,4,4,24,948.50,79.0417
3741,"Jenna Scott",61,"OVER 59",Regular,2013-09-04,150,2,1533,5,5,24,766.50,63.8750
18238,"Jennifer Jenkins",57,50-59,Regular,2013-08-12,151,2,4355,3,3,24,2177.50,181.4583
18203,"Jerry Kumar",62,"OVER 59",Regular,2013-07-20,152,2,4320,2,2,24,2160.00,180.0000
3770,"Jessica Powell",52,50-59,Regular,2013-10-01,149,2,4397,3,3,24,2198.50,183.2083
107,"Jessie Liu",56,50-59,VIP,2013-06-15,153,3,8079,3,3,24,2693.00,336.6250
2538,"Jill Moreno",60,"OVER 59",VIP,2013-12-22,146,2,5910,5,5,24,2955.00,246.2500
3658,"John Thomas",61,"OVER 59",Regular,2013-07-08,152,2,3076,4,4,24,1538.00,128.1667
1763,"Jonathan Smith",61,"OVER 59",VIP,2013-12-27,146,2,5933,3,3,24,2966.50,247.2083
11233,"Paige Brooks",48,40-49,VIP,2013-06-16,153,2,5985,5,5,24,2992.50,249.3750
4670,"Paul Suurs",44,40-49,VIP,2013-12-15,147,2,5898,2,2,24,2949.00,245.7500
5692,"Paula Romero",53,50-59,Regular,2013-03-13,156,2,4471,4,4,24,2235.50,186.2917
913,"Rachael Sai",NULL,"OVER 59",VIP,2013-11-22,147,3,8095,6,6,24,2698.33,337.2917
18175,"Richard Parker",61,"OVER 59",Regular,2013-07-19,152,2,4334,4,4,24,2167.00,180.5833
1511,"Roberto Sanz",57,50-59,VIP,2013-09-20,150,3,6440,6,6,24,2146.67,268.3333
14829,"Ronald Madan",44,40-49,Regular,2013-09-28,149,2,1873,3,3,24,936.50,78.0417
3790,"Rosa Zhang",53,50-59,Regular,2013-10-16,149,2,4382,4,4,24,2191.00,182.5833
11248,"Ryan Williams",50,50-59,VIP,2013-07-14,152,2,5978,5,5,24,2989.00,249.0833
15095,"Sarah Butler",59,50-59,Regular,2013-11-02,148,2,4648,5,5,24,2324.00,193.6667
14832,"Sebastian Torres",49,40-49,Regular,2013-09-13,150,2,1882,4,4,24,941.00,78.4167
3723,"Sharon Carson",45,40-49,Regular,2013-08-04,151,2,1468,2,2,24,734.00,61.1667
9576,"Stacey Cai",66,"OVER 59",Regular,2013-12-15,147,2,3095,6,6,24,1547.50,128.9583
3804,"Stacy Martin",56,50-59,Regular,2013-10-30,148,2,4355,3,3,24,2177.50,181.4583
3657,"Bryant Fernandez",61,"OVER 59",Regular,2013-07-13,152,2,3084,5,5,24,1542.00,128.5000
106,"Candace Fernandez",55,50-59,VIP,2013-06-05,153,3,8096,5,5,24,2698.67,337.3333
14919,"Carly Anand",74,"OVER 59",Regular,2013-11-05,148,2,1260,3,3,24,630.00,52.5000
9055,"Clarence Nara",47,40-49,Regular,2013-04-11,155,2,3338,5,5,24,1669.00,139.0833
399,"Colin Nath",51,50-59,VIP,2013-08-02,151,3,8114,4,4,24,2704.67,338.0833
14922,"Colin Shan",67,"OVER 59",Regular,2013-10-31,148,2,1253,4,4,24,626.50,52.2083
3747,"Courtney Nelson",65,"OVER 59",Regular,2013-09-13,150,2,1588,4,4,24,794.00,66.1667
18168,"Dawn Shen",50,50-59,Regular,2013-07-29,151,2,4364,6,6,24,2182.00,181.8333
13760,"Brooke Stewart",61,"OVER 59",Regular,2013-12-02,147,2,4369,5,5,23,2184.50,189.9565
14820,"Carlos Morgan",47,40-49,Regular,2013-08-13,151,2,1873,3,3,23,936.50,81.4348
7144,"Chad Shen",75,"OVER 59",Regular,2013-09-07,150,2,3063,5,5,23,1531.50,133.1739
3740,"Charles Gonzalez",65,"OVER 59",Regular,2013-09-16,150,2,1500,4,4,23,750.00,65.2174
13672,"Christian Perry",65,"OVER 59",Regular,2013-12-11,147,2,4354,4,4,23,2177.00,189.3043
250,"Cindy Patel",59,50-59,VIP,2013-09-15,150,4,9890,11,11,23,2472.50,430.0000
4632,"Clayton Andersen",48,40-49,VIP,2013-09-30,149,3,5121,5,5,23,1707.00,222.6522
12843,"Connor Bryant",49,40-49,Regular,2013-09-18,150,2,4828,3,3,23,2414.00,209.9130
3896,"Connor Hernandez",59,50-59,Regular,2013-10-09,149,2,1503,3,3,23,751.50,65.3478
4355,"Corey Kumar",63,"OVER 59",VIP,2013-08-07,151,3,8297,6,6,23,2765.67,360.7391
550,"Crystal Liang",46,40-49,VIP,2013-12-12,147,3,7024,9,8,23,2341.33,305.3913
18112,"Dale Anand",41,40-49,Regular,2013-06-07,153,2,4389,5,5,23,2194.50,190.8261
760,"Dawn Nath",45,40-49,VIP,2013-07-09,152,3,8054,3,3,23,2684.67,350.1739
490,"Deborah Goel",49,40-49,VIP,2013-09-28,149,3,8127,7,7,23,2709.00,353.3478
5704,"Denise Sanchez",58,50-59,VIP,2013-02-03,157,2,6090,5,5,23,3045.00,264.7826
1821,"Derek Tang",54,50-59,VIP,2013-10-29,148,2,5908,3,3,23,2954.00,256.8696
486,"Donald Chandra",48,40-49,VIP,2013-09-12,150,3,7049,7,7,23,2349.67,306.4783
762,"Edgar Mehta",53,50-59,VIP,2013-07-29,151,3,8149,8,8,23,2716.33,354.3043
18139,"Eduardo Wood",46,40-49,Regular,2013-06-16,153,2,4374,3,3,23,2187.00,190.1739
9001,"Elijah Diaz",44,40-49,Regular,2013-08-21,151,2,4495,2,2,23,2247.50,195.4348
3913,"Emma Taylor",63,"OVER 59",Regular,2013-10-13,149,2,1547,4,4,23,773.50,67.2609
3882,"Eric Griffin",55,50-59,Regular,2013-10-23,148,2,1854,3,3,23,927.00,80.6087
5034,"Erica Lin",48,40-49,Regular,2013-12-27,146,3,3743,4,4,23,1247.67,162.7391
4669,"Erick Fernandez",45,40-49,VIP,2013-12-22,146,2,5913,4,4,23,2956.50,257.0870
453,"Erika Rubio",46,40-49,VIP,2013-06-12,153,3,8183,5,5,23,2727.67,355.7826
3739,"Ethan Garcia",66,"OVER 59",Regular,2013-08-31,150,2,1503,3,3,23,751.50,65.3478
8990,"Ethan Thompson",44,40-49,Regular,2013-08-01,151,2,4495,2,2,23,2247.50,195.4348
1024,"Fernando Johnson",42,40-49,VIP,2013-10-03,149,2,5933,3,3,23,2966.50,257.9565
497,"Gary Ortega",49,40-49,VIP,2013-11-05,148,3,7014,7,7,23,2338.00,304.9565
9151,"Gary Rubio",77,"OVER 59",Regular,2013-04-07,155,2,3264,6,6,23,1632.00,141.9130
